ProjectName,MeetingType,MeetingDate,MeetingYear,Status,ActionTaken,StartTime,StaffCode,Title,MinutesURL,DocDate,LocationName,Latitude,Longitude
General Planning & Zoning,Planning Zoning & Design Board,2026-12-08,2026,Pending,No action extracted - verify PDF,,,PZ&DB Meeting Minutes — 2026-12-08,https://estero-fl.gov/wp-content/uploads/library-ada/minutes/2026%20Minutes/PZDB/12082026%20PZDB%20Minutes.pdf,2026-12-08,Estero Village Hall,26.428500,-81.806800
General Planning & Zoning,Planning Zoning & Design Board,2026-11-10,2026,Pending,No action extracted - verify PDF,,,PZ&DB Meeting Minutes — 2026-11-10,https://estero-fl.gov/wp-content/uploads/library-ada/minutes/2026%20Minutes/PZDB/11102026%20PZDB%20Minutes.pdf,2026-11-10,Estero Village Hall,26.428500,-81.806800
General Planning & Zoning,Planning Zoning & Design Board,2026-10-13,2026,Pending,No action extracted - verify PDF,,,PZ&DB Meeting Minutes — 2026-10-13,https://estero-fl.gov/wp-content/uploads/library-ada/minutes/2026%20Minutes/PZDB/10132026%20PZDB%20Minutes.pdf,2026-10-13,Estero Village Hall,26.428500,-81.806800
General Planning & Zoning,Planning Zoning & Design Board,2026-09-08,2026,Pending,No action extracted - verify PDF,,,PZ&DB Meeting Minutes — 2026-09-08,https://estero-fl.gov/wp-content/uploads/library-ada/minutes/2026%20Minutes/PZDB/09082026%20PZDB%20Minutes.pdf,2026-09-08,Estero Village Hall,26.428500,-81.806800
General Planning & Zoning,Planning Zoning & Design Board,2026-08-11,2026,Pending,No action extracted - verify PDF,,,PZ&DB Meeting Minutes — 2026-08-11,https://estero-fl.gov/wp-content/uploads/library-ada/minutes/2026%20Minutes/PZDB/08112026%20PZDB%20Minutes.pdf,2026-08-11,Estero Village Hall,26.428500,-81.806800
General Planning & Zoning,Planning Zoning & Design Board,2026-07-14,2026,Pending,No action extracted - verify PDF,,,PZ&DB Meeting Minutes — 2026-07-14,https://estero-fl.gov/wp-content/uploads/library-ada/minutes/2026%20Minutes/PZDB/07142026%20PZDB%20Minutes.pdf,2026-07-14,Estero Village Hall,26.428500,-81.806800
General Planning & Zoning,Planning Zoning & Design Board,2026-06-09,2026,Pending,No action extracted - verify PDF,,,PZ&DB Meeting Minutes — 2026-06-09,https://estero-fl.gov/wp-content/uploads/library-ada/minutes/2026%20Minutes/PZDB/06092026%20PZDB%20Minutes.pdf,2026-06-09,Estero Village Hall,26.428500,-81.806800
General Planning & Zoning,Planning Zoning & Design Board,2026-05-12,2026,Pending,No action extracted - verify PDF,,,PZ&DB Meeting Minutes — 2026-05-12,https://estero-fl.gov/wp-content/uploads/library-ada/minutes/2026%20Minutes/PZDB/05122026%20PZDB%20Minutes.pdf,2026-05-12,Estero Village Hall,26.428500,-81.806800
General Planning & Zoning,Planning Zoning & Design Board,2026-04-14,2026,Pending,No action extracted - verify PDF,,,PZ&DB Meeting Minutes — 2026-04-14,https://estero-fl.gov/wp-content/uploads/library-ada/minutes/2026%20Minutes/PZDB/04142026%20PZDB%20Minutes.pdf,2026-04-14,Estero Village Hall,26.428500,-81.806800
General Planning & Zoning,Planning Zoning & Design Board,2026-03-10,2026,Pending,No action extracted - verify PDF,,,PZ&DB Meeting Minutes — 2026-03-10,https://estero-fl.gov/wp-content/uploads/library-ada/minutes/2026%20Minutes/PZDB/03102026%20PZDB%20Minutes.pdf,2026-03-10,Estero Village Hall,26.428500,-81.806800
General Planning & Zoning,Planning Zoning & Design Board,2026-02-10,2026,Pending,No action extracted - verify PDF,,,PZ&DB Meeting Minutes — 2026-02-10,https://estero-fl.gov/wp-content/uploads/library-ada/minutes/2026%20Minutes/PZDB/02102026%20PZDB%20Minutes.pdf,2026-02-10,Estero Village Hall,26.428500,-81.806800
General Planning & Zoning,Planning Zoning & Design Board,2026-01-13,2026,Pending,No action extracted - verify PDF,,,PZ&DB Meeting Minutes — 2026-01-13,https://estero-fl.gov/wp-content/uploads/library-ada/minutes/2026%20Minutes/PZDB/01132026%20PZDB%20Minutes.pdf,2026-01-13,Estero Village Hall,26.428500,-81.806800
General Planning & Zoning,Planning Zoning & Design Board,2025-12-09,2025,Pending,No action extracted - verify PDF,,,PZ&DB Meeting Minutes — 2025-12-09,https://estero-fl.gov/wp-content/uploads/library-ada/minutes/2025%20Minutes/PZDB/12092025%20PZDB%20Minutes.pdf,2025-12-09,Estero Village Hall,26.428500,-81.806800
General Council Business,Village Council Regular Meeting,2025-12-03,2025,Accepted,Approved consent agenda . | Adopted Resolution No. 2025- 27. | Adopted Resolution No. 2025- 28. | Adopted Resolution No 2025- 24 and authorize the Village Manager to execute the related Interlocal Agreement with the Lee County Property Appraiser to administer the assessment process. | Adopted Resolution No. 2025- 25 and authorize the Village Manager to execute the related Interlocal Agreement with the Lee County Property Appraiser to administer the assessment process. | Adopted Ordinance No. 2025- 16 on first reading and to schedule a second reading and | Adopted Ordinance No. 2025- 13.,9:30 am,DA/MI,Village Council Meeting Minutes — 2025-12-03,https://github.com/krocks9903/EagleGIS/blob/script/pdfs/12032025.pdf,2025-12-03,Estero Village Hall,26.428500,-81.806800
General Council Business,Village Council Regular Meeting,2025-11-19,2025,Accepted,"Approved consent agenda . | Approved the purchase of 0.14 State Freshwater Herbaceous Mitigation Credits in the amount of $16,800 from the Big Cypress Mitigation Bank (the “Bank”) for the Williams Rd./Atlantic Gulf Blvd. intersection improvement project and authorize the Village Manager to sign the Mitigation Credit Supply Agreement with the Big Cypress Mitigation Bank and other additional implementing documents on behalf of the Village of Estero | Adopted Ordinance No. 2025- 14 on first reading and setting second reading and",9:30 am,DA/MI,Village Council Meeting Minutes — 2025-11-19,https://github.com/krocks9903/EagleGIS/blob/script/pdfs/11052025.pdf,2025-11-05,Estero Village Hall,26.428500,-81.806800
General Planning & Zoning,Planning Zoning & Design Board,2025-11-18,2025,Pending,No action extracted - verify PDF,,,PZ&DB Meeting Minutes — 2025-11-18,https://estero-fl.gov/wp-content/uploads/library-ada/minutes/2025%20Minutes/PZDB/11182025%20PZDB%20Minutes.pdf,2025-11-18,Estero Village Hall,26.428500,-81.806800
Septic to Sewer,Village Council Regular Meeting,2025-10-15,2025,Accepted,"Approved the Florida DEP Standard Grant Agreement for the Estero Orange Park Utility Extension Project (Agreement Number L0188), and V illage",9:30 am,DA/MI,Village Council Meeting Minutes — 2025-10-15,https://github.com/krocks9903/EagleGIS/blob/script/pdfs/10012025.pdf,2025-10-01,Cypress Bend Septic Area,26.446900,-81.811600
Septic to Sewer,Village Council Regular Meeting,2025-10-15,2025,Accepted,"Approved the Florida DEP Standard Grant Agreement for the Estero Orange Park Utility Extension Project (Agreement Number L0188), and V illage",9:30 am,DA/MI,Village Council Meeting Minutes — 2025-10-15,https://github.com/krocks9903/EagleGIS/blob/script/pdfs/10012025.pdf,2025-10-01,Sunny Grove Septic Area,26.437600,-81.812800
General Council Business,Village Council Regular Meeting,2025-10-15,2025,Accepted,Approved Village,9:30 am,DA/MI,Village Council Meeting Minutes — 2025-10-15,https://github.com/krocks9903/EagleGIS/blob/script/pdfs/10152025.pdf,2025-10-15,Estero Village Hall,26.428500,-81.806800
Septic to Sewer,Village Council Regular Meeting,2025-10-15,2025,Accepted,"Approved the Florida DEP Standard Grant Agreement for the Estero Orange Park Utility Extension Project (Agreement Number L0188), and V illage",9:30 am,DA/MI,Village Council Meeting Minutes — 2025-10-15,https://github.com/krocks9903/EagleGIS/blob/script/pdfs/10012025.pdf,2025-10-01,Broadway Avenue East UEP,26.442000,-81.805400
Septic to Sewer,Village Council Regular Meeting,2025-10-15,2025,Accepted,"Approved the Florida DEP Standard Grant Agreement for the Estero Orange Park Utility Extension Project (Agreement Number L0188), and V illage",9:30 am,DA/MI,Village Council Meeting Minutes — 2025-10-15,https://github.com/krocks9903/EagleGIS/blob/script/pdfs/10012025.pdf,2025-10-01,Estero Bay Village Septic Area,26.440800,-81.822500
General Planning & Zoning,Planning Zoning & Design Board,2025-10-14,2025,Pending,No action extracted - verify PDF,,,PZ&DB Meeting Minutes — 2025-10-14,https://estero-fl.gov/wp-content/uploads/library-ada/minutes/2025%20Minutes/PZDB/10142025%20PZDB%20Minutes.pdf,2025-10-14,Estero Village Hall,26.428500,-81.806800
General Council Business,Village Council Regular Meeting,2025-09-17,2025,Accepted,Adopted Resolution No. 2025-20.,9:30 am,ON/CO,Village Council Meeting Minutes — 2025-09-17,https://github.com/krocks9903/EagleGIS/blob/script/pdfs/09172025.pdf,2025-09-17,Estero Village Hall,26.428500,-81.806800
General Council Business,Village Council Regular Meeting,2025-09-10,2025,Accepted,Approved consent agenda . | Adopted Resolution No. 2025- 13 and following adoption | Approved Agreement for Tourist Development Tax Funding FY 2025- 2026. Village | Adopted Resolution No. 2025- 16. | Approved agreement between Village of Estero and the Estero Forever Foundation for Happehatchee Complex property management activities. | Approved the renewal of Forerunner floodplain management software for a period of two years 10/1/2025 through 9/30/2027. | Adopted Resolution No. 2025- 21. | Approved Ordinance No. 2025-09.,9:30 am,ON/CO,Village Council Meeting Minutes — 2025-09-10,https://github.com/krocks9903/EagleGIS/blob/script/pdfs/09102025.pdf,2025-09-10,Estero Village Hall,26.428500,-81.806800
General Planning & Zoning,Planning Zoning & Design Board,2025-09-09,2025,Pending,No action extracted - verify PDF,,,PZ&DB Meeting Minutes — 2025-09-09,https://estero-fl.gov/wp-content/uploads/library-ada/minutes/2025%20Minutes/PZDB/09092025%20PZDB%20Minutes.pdf,2025-09-09,Estero Village Hall,26.428500,-81.806800
General Planning & Zoning,Planning Zoning & Design Board,2025-08-12,2025,Pending,No action extracted - verify PDF,,,PZ&DB Meeting Minutes — 2025-08-12,https://estero-fl.gov/wp-content/uploads/library-ada/minutes/2025%20Minutes/PZDB/08122025%20PZDB%20Minutes.pdf,2025-08-12,Estero Village Hall,26.428500,-81.806800
General Planning & Zoning,Planning Zoning & Design Board,2025-07-08,2025,Pending,No action extracted - verify PDF,,,PZ&DB Meeting Minutes — 2025-07-08,https://estero-fl.gov/wp-content/uploads/library-ada/minutes/2025%20Minutes/PZDB/07082025%20PZDB%20Minutes.pdf,2025-07-08,Estero Village Hall,26.428500,-81.806800
General Council Business,Village Council Regular Meeting,2025-07-02,2025,Accepted,Approved consent agenda. | Adopted Resolution No. 2025-10. | Adopted Resolution No. 2025-11. | Passed first reading of Ordinance No. 2025-07 and set second reading and,9:30 am,DA/MI,Village Council Meeting Minutes — 2025-07-02,https://github.com/krocks9903/EagleGIS/blob/script/pdfs/07022025.pdf,2025-07-02,Estero Village Hall,26.428500,-81.806800
General Council Business,Village Council Regular Meeting,2025-06-18,2025,Accepted,"A pproved consent agenda . | P assed first reading of Ordinance No. 2025- 05 and set second reading for June 18, 2025. | P assed first reading of Ordinance No. 2025- 04 and set second reading for July 2, 2025. | P assed first reading of Ordinance No. 2025- 06 and Set | Passed first reading of Ordinance No. 2025- 08 and Set | A pprove d continuance to July 2 , 2025 for Condition 10 only.",9:30 am,DA/MI,Village Council Meeting Minutes — 2025-06-18,https://github.com/krocks9903/EagleGIS/blob/script/pdfs/06042025.pdf,2025-06-04,Estero Village Hall,26.428500,-81.806800
General Planning & Zoning,Planning Zoning & Design Board,2025-06-10,2025,Pending,No action extracted - verify PDF,,,PZ&DB Meeting Minutes — 2025-06-10,https://estero-fl.gov/wp-content/uploads/library-ada/minutes/2025%20Minutes/PZDB/06102025%20PZDB%20Minutes.pdf,2025-06-10,Estero Village Hall,26.428500,-81.806800
General Council Business,Village Council Regular Meeting,2025-05-21,2025,Accepted,"Approved consent agenda . | Approved send ing notification letter and affidavit signed by Mayor to Florida Department of Commerce . | Approved the award of Contract 25035 with LandDesign, Inc. to prepare the Village of Estero Eco -Historic planning study for $430,000, approve a $43,000 contingency for additional services that may be required to complete the project, and authorize the Village Manager to sign the contract and other additional implementing documents within the scope of the contract on behalf of the Village of Estero | Approved the award of landscaping, mowing and irrigation services for Village roadways for P & T Lawn & Tractor, for an amount not to exceed $2,896,517.52 annuall",9:30 am,DA/MI,Village Council Meeting Minutes — 2025-05-21,https://github.com/krocks9903/EagleGIS/blob/script/pdfs/05072025.pdf,2025-05-07,Estero Village Hall,26.428500,-81.806800
General Planning & Zoning,Planning Zoning & Design Board,2025-05-13,2025,Pending,No action extracted - verify PDF,,,PZ&DB Meeting Minutes — 2025-05-13,https://estero-fl.gov/wp-content/uploads/library-ada/minutes/2025%20Minutes/PZDB/05132025%20PZDB%20Minutes.pdf,2025-05-13,Estero Village Hall,26.428500,-81.806800
BERT Rail Trail,Village Council Regular Meeting,2025-04-16,2025,Accepted,"A pproved consent agenda . | A dopted Resolution No. 2025- 06. | A dopted the First Amendment . | A uthorized a deeper solicitation process to search for additional, complimentary sports, entertainment and recreational partners within the Village Center Hub . | A pprove d award of Contract EC 2022- 33 Change Order 01 to RWA Engineering to provide additional professional services to update design changes. | A pprove d the BERT Memorandum of Agreement and to authorize the Village Manager to approve any minor revisions requested by the other partners to the agreement . | Approved Ordinance No. 2025-03 on First Reading and schedule Second Reading for April 16, 2025.",9:30 am,DA/MI,Village Council Meeting Minutes — 2025-04-16,https://github.com/krocks9903/EagleGIS/blob/script/pdfs/04022025.pdf,2025-04-02,BERT Rail Trail Corridor,26.433900,-81.815700
General Planning & Zoning,Planning Zoning & Design Board,2025-04-08,2025,Pending,No action extracted - verify PDF,,,PZ&DB Meeting Minutes — 2025-04-08,https://estero-fl.gov/wp-content/uploads/library-ada/minutes/2025%20Minutes/PZDB/04082025%20PZDB%20Minutes.pdf,2025-04-08,Estero Village Hall,26.428500,-81.806800
General Planning & Zoning,Planning Zoning & Design Board,2025-03-11,2025,Pending,No action extracted - verify PDF,,,PZ&DB Meeting Minutes — 2025-03-11,https://estero-fl.gov/wp-content/uploads/library-ada/minutes/2025%20Minutes/PZDB/03112025%20PZDB%20Minutes.pdf,2025-03-11,Estero Village Hall,26.428500,-81.806800
General Council Business,Village Council Regular Meeting,2025-02-19,2025,Accepted,"Approved consent agenda . | Approved Resolution No. 2025- 01 to reappoint two (2) Planning, Zoning, and Design Board members for a one -year term. | Adopted Ordinance No. 2024- 14 with",9:30 am,ON/CO,Village Council Meeting Minutes — 2025-02-19,https://github.com/krocks9903/EagleGIS/blob/script/pdfs/02052025.pdf,2025-02-05,Estero Village Hall,26.428500,-81.806800
General Planning & Zoning,Planning Zoning & Design Board,2025-02-11,2025,Pending,No action extracted - verify PDF,,,PZ&DB Meeting Minutes — 2025-02-11,https://estero-fl.gov/wp-content/uploads/library-ada/minutes/2025%20Minutes/PZDB/02112025%20PZDB%20Minutes.pdf,2025-02-11,Estero Village Hall,26.428500,-81.806800
General Council Business,Village Council Regular Meeting,2025-01-22,2025,Accepted,"Approved consent agenda . | Approved award of Task Authorization 14 to Contract EC 2022- 38 to Johnson Engineering to provide water monitoring services for The Village of Estero for $193,411, approve a $19,000 contingency for additional services that may be required to complete the project, and authorize the Village Manager to sign the STA and other additional implementing documents within the scope of the STA on behalf of the Village of Estero | Passed first reading and schedule second reading for February 5, 2025 and the applica nt will provide us with additional information. Village | Passed first reading and schedule second reading for January 22, 2025.",9:30 am,DA/MI,Village Council Meeting Minutes — 2025-01-22,https://github.com/krocks9903/EagleGIS/blob/script/pdfs/01082025%20minutes.pdf,2025-01-08,Estero Village Hall,26.428500,-81.806800
General Planning & Zoning,Planning Zoning & Design Board,2025-01-14,2025,Pending,No action extracted - verify PDF,,,PZ&DB Meeting Minutes — 2025-01-14,https://estero-fl.gov/wp-content/uploads/library-ada/minutes/2025%20Minutes/PZDB/01142025%20PZDB%20Minutes.pdf,2025-01-14,Estero Village Hall,26.428500,-81.806800
General Council Business,Village Council Regular Meeting,2024-12-18,2024,Accepted,Approved consent agenda. | Approved the final Sports Park Master Plan . | Approved m otion to accept the Standard & Poor’s General Obligation Bond Rating for the Village of Estero.,9:30 am,DA/MI,Village Council Meeting Minutes — 2024-12-18,https://github.com/krocks9903/EagleGIS/blob/script/pdfs/12042024%20minutes.pdf,2024-12-04,Estero Village Hall,26.428500,-81.806800
General Planning & Zoning,Planning Zoning & Design Board,2024-12-10,2024,Accepted,No action extracted - verify PDF,,,PZ&DB Meeting Minutes — 2024-12-10,https://estero-fl.gov/wp-content/uploads/library-ada/minutes/2024%20Minutes/PZDB/12102024%20PZDB%20Minutes.pdf,2024-12-10,Estero Village Hall,26.428500,-81.806800
General Council Business,Village Council Regular Meeting,2024-12-04,2024,Accepted,"Approved consent agenda. | Tabled Resolution No. 2024- 21. | Adopted Resolution No. 2024- 22 with the change to the fund balance carry -over for the driving range funds of $21,566. | Approved Task Order for permitting and engineering study services between the Village of Estero and JR Evans Engineering, P.A. | Authorize the Village Manager to execute the Federally Funded Subaward and Grant Agreement for Hurricane Milton between the Village of Estero and the State of Florida. | Approved Ordinance No. 2024-08.",9:30 am,DA/MI,Village Council Meeting Minutes — 2024-12-04,https://github.com/krocks9903/EagleGIS/blob/script/pdfs/11202024%20minutes.pdf,2024-11-20,Estero Village Hall,26.428500,-81.806800
General Council Business,Village Council Regular Meeting,2024-11-20,2024,Accepted,"Approved consent agenda . | Approved Special Magistrate Services Agreement Between the Village of Estero and Patrick Neale, Esq. | Approved the Agreement Between the Village of Estero and the Estero Forever Foundation for Management of the Happehatchee Complex, and to authorize the Village Manager to execute the agreement. | Approved the Interlocal Agreement between the Village and County for acquisition of County Park land. | Approved the Interlocal Agreement with The Brooks Community Development District (CDD) for improvements to the Three Oaks Parkway paths and authorize the Village Manager to execute the agreement and any related documents or amendments as may be necessary which do not i",9:30 am,DA/MI,Village Council Meeting Minutes — 2024-11-20,https://github.com/krocks9903/EagleGIS/blob/script/pdfs/11062024%20minutes.pdf,2024-11-06,Estero Village Hall,26.428500,-81.806800
General Planning & Zoning,Planning Zoning & Design Board,2024-11-12,2024,Accepted,No action extracted - verify PDF,,,PZ&DB Meeting Minutes — 2024-11-12,https://estero-fl.gov/wp-content/uploads/library-ada/minutes/2024%20Minutes/PZDB/11122024%20PZDB%20Minutes.pdf,2024-11-12,Estero Village Hall,26.428500,-81.806800
General Council Business,Village Council Regular Meeting,2024-11-06,2024,Accepted,"Approved consent agenda with the correction of the minutes . | Approved the renewal contracts with Ronald L. Book, P.A. (annual cost: $42,350) and JEJ & Associates, Inc. (annual cost: $43,560) to provide professional State Legislative and Executive Branch Lobbying Services for a one -year period. Grant the Village Manager the authority to reauthorize the renewal of these contracts for three additional one -year terms under the same terms and conditions, if doing so is in the best interest of the Village of Estero, approve a contingency fund amount of $4,235 for Ronald L. Book, P.A. and $4,356 for JEJ & Associates, Inc. totaling $8,591 (an amount equal to 10% of the total project cost) to cov",9:30 am,DA/MI,Village Council Meeting Minutes — 2024-11-06,https://github.com/krocks9903/EagleGIS/blob/script/pdfs/10162024%20%20Minutes.pdf,2024-10-16,Estero Village Hall,26.428500,-81.806800
General Planning & Zoning,Planning Zoning & Design Board,2024-10-29,2024,Accepted,No action extracted - verify PDF,,,PZ&DB Meeting Minutes — 2024-10-29,https://estero-fl.gov/wp-content/uploads/library-ada/minutes/2024%20Minutes/PZDB/10292024%20PZDB%20Minutes.pdf,2024-10-29,Estero Village Hall,26.428500,-81.806800
General Planning & Zoning,Planning Zoning & Design Board,2024-10-08,2024,Accepted,No action extracted - verify PDF,,,PZ&DB Meeting Minutes — 2024-10-08,https://estero-fl.gov/wp-content/uploads/library-ada/minutes/2024%20Minutes/PZDB/10082024%20PZDB%20Minutes.pdf,2024-10-08,Estero Village Hall,26.428500,-81.806800
General Council Business,Village Council Regular Meeting,2024-10-02,2024,Accepted,"Approved consent agenda. Village | Passed first reading and schedule second reading for October 2, 2024.",9:30 am,ON/CO,Village Council Meeting Minutes — 2024-10-02,https://github.com/krocks9903/EagleGIS/blob/script/pdfs/09182024%20minutes.pdf,2024-09-18,Estero Village Hall,26.428500,-81.806800
General Council Business,Village Council Regular Meeting,2024-09-18,2024,Accepted,No action found,9:30 am,DA/MI,Village Council Meeting Minutes — 2024-09-18,https://github.com/krocks9903/EagleGIS/blob/script/pdfs/09112024%20minutes.pdf,2024-09-11,Estero Village Hall,26.428500,-81.806800
General Council Business,Village Council Regular Meeting,2024-09-11,2024,Accepted,"Approved consent agenda correction . | Adopted Resolution No. 2024- 12. | Adopted Resolution No. 2024- 13. | Adopted Resolution No. 2024- 15. Village | Approved award of Invitation to Bid 100124, Disaster Debris Monitoring Services for the Village of Estero to the apparent low bidder, Disaster Program Operations, Inc. to provide on- call disaster debris monitoring services as provided in the contract for a one -year period, at the rates submitted on their bid, authorize the Village Manager to execute contract documents on behalf of the Village of Estero | Approved award of Invitation to Bid 100224, Disaster Recovery Services for the Village of Estero to CrowderGulf Jo",9:30 am,DA/MI,Village Council Meeting Minutes — 2024-09-11,https://github.com/krocks9903/EagleGIS/blob/script/pdfs/07032024%20minutes.pdf,2024-07-03,Estero Village Hall,26.428500,-81.806800
General Planning & Zoning,Planning Zoning & Design Board,2024-09-10,2024,Accepted,No action extracted - verify PDF,,,PZ&DB Meeting Minutes — 2024-09-10,https://estero-fl.gov/wp-content/uploads/library-ada/minutes/2024%20Minutes/PZDB/09102024%20PZDB%20Minutes.pdf,2024-09-10,Estero Village Hall,26.428500,-81.806800
General Planning & Zoning,Planning Zoning & Design Board,2024-08-13,2024,Accepted,No action extracted - verify PDF,,,PZ&DB Meeting Minutes — 2024-08-13,https://estero-fl.gov/wp-content/uploads/library-ada/minutes/2024%20Minutes/PZDB/08132024%20PZDB%20Minutes.pdf,2024-08-13,Estero Village Hall,26.428500,-81.806800
General Planning & Zoning,Planning Zoning & Design Board,2024-07-09,2024,Accepted,No action extracted - verify PDF,,,PZ&DB Meeting Minutes — 2024-07-09,https://estero-fl.gov/wp-content/uploads/library-ada/minutes/2024%20Minutes/PZDB/07092024%20PZDB%20Minutes.pdf,2024-07-09,Estero Village Hall,26.428500,-81.806800
BERT Rail Trail,Village Council Regular Meeting,2024-06-19,2024,Accepted,"Approved consent agenda. | Approved the ranking of construction management firms for RFP 2024- 04 as 1- Wright Construction and a uthorize Village | Approved the ranking of construction management firms for RFP 2024- 02 as recommended by the Village of Estero’s selection committee. 1-Manhattan Construction, 2- Wright Construction, 3- Chris Tel Construction, 4- Seagate Development Group, 5 Brooks & Freund, and authorize Village | Approved the ranking of construction management firms for RFP 2024- 03 as recommended by the Village’s selection committee. 1 – Wright Construction, 2 – AIM Construction, 3 – Chris Tel Construction, 4 – American Infrastructure Services, and authorize Village | Passed",9:30 am,DA/MI,Village Council Meeting Minutes — 2024-06-19,https://github.com/krocks9903/EagleGIS/blob/script/pdfs/06052024%20minutes.pdf,2024-06-05,BERT Rail Trail Corridor,26.433900,-81.815700
General Planning & Zoning,Planning Zoning & Design Board,2024-06-11,2024,Accepted,No action extracted - verify PDF,,,PZ&DB Meeting Minutes — 2024-06-11,https://estero-fl.gov/wp-content/uploads/library-ada/minutes/2024%20Minutes/PZDB/06112024%20PZDB%20Minutes.pdf,2024-06-11,Estero Village Hall,26.428500,-81.806800
BERT Rail Trail,Village Council Regular Meeting,2024-06-05,2024,Accepted,"Approved consent agenda. | Approved Resolution No. 2024- 05. | Approved the Village Manager to execute the High- 5 | Approved that Wright Construction Group is granted a Notice to Proceed on their phase 1 construction costs based on GMP#1. | Passed First Reading of Ordinance No. 2024-06 and set second reading for June 5, 2024.",9:30 am,DA/MI,Village Council Meeting Minutes — 2024-06-05,https://github.com/krocks9903/EagleGIS/blob/script/pdfs/05152024%20minutes.pdf,2024-05-15,BERT Rail Trail Corridor,26.433900,-81.815700
BERT Rail Trail,Village Council Regular Meeting,2024-05-15,2024,Accepted,"Approved consent agenda. | Approved Construction Manager at Risk agreement between Village of Estero and Manhattan Construction, Inc. for Williams Road and Atlantic Gulf Blvd Intersection Project and to authorize the Village Manager to execute the agreement and any related documents or amendments as may be necessary, except for the Guaranteed Maximum Price amendment, which will be approved by | Approved Construction Manager at Risk agreement between Village of Estero and Chris -Tel Construction, Inc. for the Sandy Lane Bike/Ped Improvements Project and to authorize the Village Manager to execute the agreement with an effective date of July 1, 2024 and any related documents or amendments as m",9:30 am,DA/MI,Village Council Meeting Minutes — 2024-05-15,https://github.com/krocks9903/EagleGIS/blob/script/pdfs/05012024%20minutes.pdf,2024-05-01,BERT Rail Trail Corridor,26.433900,-81.815700
General Planning & Zoning,Planning Zoning & Design Board,2024-05-14,2024,Accepted,No action extracted - verify PDF,,,PZ&DB Meeting Minutes — 2024-05-14,https://estero-fl.gov/wp-content/uploads/library-ada/minutes/2024%20Minutes/PZDB/05142024%20PZDB%20Minutes.pdf,2024-05-14,Estero Village Hall,26.428500,-81.806800
Septic to Sewer,Village Council Regular Meeting,2024-05-01,2024,Accepted,"Approved consent agenda. | Approved EC 2024- 06 STA -05 in the amount of $81,000 with Florida Acquisition & Appraisal, Inc. to assist the Village in obtaining easement and property required to construction the Broadway Ave East UEP Areas 2 & 3, approve a $8,100 contingency for additional services that may be required to complete the project, and authorize the Village Manager to sign the contract and other additional implementing documents within the scope of the contract on behalf of the Village of Estero | Approved the Assignment and Amendment of the License Agreement for Sandy Lane Right of Way Occupation, Drainage Pipe Construction and Maintenance agreement with Seminole Gulf Railway and",9:30 am,DA/MI,Village Council Meeting Minutes — 2024-05-01,https://github.com/krocks9903/EagleGIS/blob/script/pdfs/04172024%20minutes.pdf,2024-04-17,Cypress Bend Septic Area,26.446900,-81.811600
Septic to Sewer,Village Council Regular Meeting,2024-05-01,2024,Accepted,"Approved consent agenda. | Approved EC 2024- 06 STA -05 in the amount of $81,000 with Florida Acquisition & Appraisal, Inc. to assist the Village in obtaining easement and property required to construction the Broadway Ave East UEP Areas 2 & 3, approve a $8,100 contingency for additional services that may be required to complete the project, and authorize the Village Manager to sign the contract and other additional implementing documents within the scope of the contract on behalf of the Village of Estero | Approved the Assignment and Amendment of the License Agreement for Sandy Lane Right of Way Occupation, Drainage Pipe Construction and Maintenance agreement with Seminole Gulf Railway and",9:30 am,DA/MI,Village Council Meeting Minutes — 2024-05-01,https://github.com/krocks9903/EagleGIS/blob/script/pdfs/04172024%20minutes.pdf,2024-04-17,Broadway Avenue East UEP,26.442000,-81.805400
Septic to Sewer,Village Council Regular Meeting,2024-05-01,2024,Accepted,"Approved consent agenda. | Approved EC 2024- 06 STA -05 in the amount of $81,000 with Florida Acquisition & Appraisal, Inc. to assist the Village in obtaining easement and property required to construction the Broadway Ave East UEP Areas 2 & 3, approve a $8,100 contingency for additional services that may be required to complete the project, and authorize the Village Manager to sign the contract and other additional implementing documents within the scope of the contract on behalf of the Village of Estero | Approved the Assignment and Amendment of the License Agreement for Sandy Lane Right of Way Occupation, Drainage Pipe Construction and Maintenance agreement with Seminole Gulf Railway and",9:30 am,DA/MI,Village Council Meeting Minutes — 2024-05-01,https://github.com/krocks9903/EagleGIS/blob/script/pdfs/04172024%20minutes.pdf,2024-04-17,Estero Bay Village Septic Area,26.440800,-81.822500
Septic to Sewer,Village Council Regular Meeting,2024-05-01,2024,Accepted,"Approved consent agenda. | Approved EC 2024- 06 STA -05 in the amount of $81,000 with Florida Acquisition & Appraisal, Inc. to assist the Village in obtaining easement and property required to construction the Broadway Ave East UEP Areas 2 & 3, approve a $8,100 contingency for additional services that may be required to complete the project, and authorize the Village Manager to sign the contract and other additional implementing documents within the scope of the contract on behalf of the Village of Estero | Approved the Assignment and Amendment of the License Agreement for Sandy Lane Right of Way Occupation, Drainage Pipe Construction and Maintenance agreement with Seminole Gulf Railway and",9:30 am,DA/MI,Village Council Meeting Minutes — 2024-05-01,https://github.com/krocks9903/EagleGIS/blob/script/pdfs/04172024%20minutes.pdf,2024-04-17,Sunny Grove Septic Area,26.437600,-81.812800
General Council Business,Village Council Regular Meeting,2024-04-17,2024,Accepted,"Approved consent agenda. | Selected Al Paivandy, James E Tatooles, and Leonard E Scotty Wood III to a one -year term to the Planning, Zoning, and Design Board members, Dan Williams, Anthony Gargano, and Michael Sheeley to a three -year term to the Planning Zoning and Design Board and approve Resolution No. 2024- 04. | Selected Anthony Gargano as Chairperson of the Planning Zoning and Design Board. | Approved the Framework of Cooperation Between the Village of Estero and the Estero Forever Foundation. | Approved EC 2024- 29 Wright Construction Group Piggyback Agreement for Construction Manager At Risk services and to authorize the Village Manager to execute the agreeme",9:30 am,DA/MI,Village Council Meeting Minutes — 2024-04-17,https://github.com/krocks9903/EagleGIS/blob/script/pdfs/04032024%20minutes.pdf,2024-04-03,Estero Village Hall,26.428500,-81.806800
General Planning & Zoning,Planning Zoning & Design Board,2024-04-09,2024,Accepted,No action extracted - verify PDF,,,PZ&DB Meeting Minutes — 2024-04-09,https://estero-fl.gov/wp-content/uploads/library-ada/minutes/2024%20Minutes/PZDB/04092024%20PZDB%20Minutes.pdf,2024-04-09,Estero Village Hall,26.428500,-81.806800
General Council Business,Village Council Regular Meeting,2024-04-03,2024,Accepted,"Approved consent agenda. | Approved EC 2023- 38 STA -02 in the amount of $203,782 for Hagerty Consulting, Inc. to assist the Village of Estero in preparing and submitting CDBG -DR Infrastructure Grant applications, approve a $20,000 contingency for additional services that may be required to complete the project, and authorize the Village Manager to sign the contract and other additional implementing documents within the scope of the contract on behalf of the Village of Estero | Approved EC 2024- 27 Chris -Tel Construction Piggyback Agreement for Construction Manager at Risk services and to authorize the Village Manager to execute the agreement and any related documents or amendments as may",9:30 am,DA/MI,Village Council Meeting Minutes — 2024-04-03,https://github.com/krocks9903/EagleGIS/blob/script/pdfs/03202024%20minutes.pdf,2024-03-20,Estero Village Hall,26.428500,-81.806800
General Council Business,Village Council Regular Meeting,2024-03-20,2024,Accepted,"A pproved consent agenda. | A pprove d EC 2024- 26 in the amount of $1,967,667 for Hellas Construction, Inc. to install artificial turf on The Jeff Sommer Stadium football field, approve a $197,000 contingency for additional services that may be required to complete the project, and authorize the Village Manager to sign the contract and other additional implementing documents within the scope of the contract on behalf of the Village of Estero | A pprove d the attached Professional Services agreement with Vieste, LLC. | P assed first reading of Ordinance No. 2024- 01 and set second reading for March 20, 2024. | P assed first reading of Ordinance No. 2024- 02 and set second reading for March 2",9:30 am,DA/MI,Village Council Meeting Minutes — 2024-03-20,https://github.com/krocks9903/EagleGIS/blob/script/pdfs/03062024%20minutes.pdf,2024-03-06,Estero Village Hall,26.428500,-81.806800
General Planning & Zoning,Planning Zoning & Design Board,2024-03-12,2024,Accepted,No action extracted - verify PDF,,,PZ&DB Meeting Minutes — 2024-03-12,https://estero-fl.gov/wp-content/uploads/library-ada/minutes/2024%20Minutes/PZDB/03122024%20PZDB%20Minutes.pdf,2024-03-12,Estero Village Hall,26.428500,-81.806800
BERT Rail Trail,Village Council Regular Meeting,2024-02-21,2024,Accepted,"Approved consent agenda. | A pprove da perpetual sidewalk easement agreement with GL Homes to obtain an easement for the path along the River Creek Community and pay GL Homes $104,994.23 after they build the path using asphalt as the material, approve a $10,000 contingency for additional services that may be required to complete the project, and authorize the Village Manager to sign the sidewalk easement agreement and other additional implementing documents within the scope of the agreement on behalf of the Village of Estero | P assed first reading of Ordinance No. 2024- 03 and set second reading for March 6, 2024.",9:30 am,ON/CO,Village Council Meeting Minutes — 2024-02-21,https://github.com/krocks9903/EagleGIS/blob/script/pdfs/02212024%20minutes.pdf,2024-02-21,BERT Rail Trail Corridor,26.433900,-81.815700
Corkscrew Road,Village Council Regular Meeting,2024-02-21,2024,Accepted,"Approved consent agenda. | Approved schedule for Planning Zoning and Design Board appointments. Village | Adopted Resolution No. 2024- 03. | Approved EC 2024- 06 STA - 02 in the amount of $47,200 for Florida Acquisition & Appraisal Inc. to provide easement acquisition services for the Sandy Lane Bike/Ped Improvements Project, approve a $4,700 contingency for additional services that may be required to complete the project, and authorize the Village Manager to sign the contract and other additional implementing documents within the scope of the contract on behalf of the Village of Estero | Approved EC 2024- 06 STA -03 in the amount of $200,600 for Florida Acquisition &",9:30 am,ON/CO,Village Council Meeting Minutes — 2024-02-21,https://github.com/krocks9903/EagleGIS/blob/script/pdfs/02072024%20minutes.pdf,2024-02-07,Corkscrew Road Widening Corridor,26.436300,-81.770100
Corkscrew Road,Village Council Regular Meeting,2024-02-21,2024,Accepted,"Approved consent agenda. | Approved schedule for Planning Zoning and Design Board appointments. Village | Adopted Resolution No. 2024- 03. | Approved EC 2024- 06 STA - 02 in the amount of $47,200 for Florida Acquisition & Appraisal Inc. to provide easement acquisition services for the Sandy Lane Bike/Ped Improvements Project, approve a $4,700 contingency for additional services that may be required to complete the project, and authorize the Village Manager to sign the contract and other additional implementing documents within the scope of the contract on behalf of the Village of Estero | Approved EC 2024- 06 STA -03 in the amount of $200,600 for Florida Acquisition &",9:30 am,ON/CO,Village Council Meeting Minutes — 2024-02-21,https://github.com/krocks9903/EagleGIS/blob/script/pdfs/02072024%20minutes.pdf,2024-02-07,Corkscrew Rd / Puente Lane,26.431200,-81.784700
General Planning & Zoning,Planning Zoning & Design Board,2024-02-13,2024,Accepted,No action extracted - verify PDF,,,PZ&DB Meeting Minutes — 2024-02-13,https://estero-fl.gov/wp-content/uploads/library-ada/minutes/2024%20Minutes/PZDB/02132024%20PZDB%20Minutes.pdf,2024-02-13,Estero Village Hall,26.428500,-81.806800
General Council Business,Village Council Regular Meeting,2024-01-24,2024,Accepted,"Approved consent agenda. | Approved Interlocal Agreement for Election Services with the Supervisor of Elections. Village | Approved EC 2024- 10 in the amount of $151,440 for CW3 Engineering, Inc. to provide construction engineering and inspection services for the Estero on the River Phase 1 Improvements, approve a $15,000 contingency for additional services tha t may be required to complete the project and authorize the Village Manager to sign the contract and other additional implementing documents within the scope of the contract on behalf of the Village of Estero | Approved EC 2024- 09 in the amount of $490,560.65 for HighSpans Engineering, Inc. to provide construction engineering and ins",9:30 am,ON/CO,Village Council Meeting Minutes — 2024-01-24,https://github.com/krocks9903/EagleGIS/blob/script/pdfs/01242024%20minutes.pdf,2024-01-24,Estero Village Hall,26.428500,-81.806800
General Planning & Zoning,Planning Zoning & Design Board,2024-01-09,2024,Accepted,No action extracted - verify PDF,,,PZ&DB Meeting Minutes — 2024-01-09,https://estero-fl.gov/wp-content/uploads/library-ada/minutes/2024%20Minutes/PZDB/01092024%20PZDB%20Minutes.pdf,2024-01-09,Estero Village Hall,26.428500,-81.806800
Corkscrew Road,Village Council Regular Meeting,2024-01-03,2024,Accepted,"Adopted the Village of Estero Information Security Policy. Village | Accepted a payment of $30,000 from ProEnergy, LLC, in compromise of the Village’s code enforcement lien on the owner’s property at 8800 Corkscrew Road, and to authorize the Village Manager or his designee to file a release of lien once the payment has been made. Vote : (Roll Call) Aye: | Approved Contract EC 2024-07 with Johnson Engineering, Inc. to prepare the Village Wide Traffic Study for $249,480, approve a $25,000 contingency for additional services that may be required to complete the project, authorize the Village Manager to sign the contract and other additional implementing documents within the scope of the contract on behalf of the Village of Estero | Approve d contract EC 2024- 06 with Florida Acquisition Services to provide right -of-way acquisition services to the Village of Estero and authorize the Village Manager to sign the contract and other implementing documents within the scope of the contract on behalf of the Village of Estero | Approve d Change Order No. 1 in the amount of $8,500.00 to Contract EC 2022- 83 with National Water Main Cleaning Company for the gravity sewer line testing in the Estero Bay Village, Sunny Grove, and Cypress Bend mobile home developments, approve a 10% (of the total project cost) project contingency of $9,400, and authorize the Village Manager to Village",9:30 AM,,Village Council Meeting Minutes — 2024-01-03,https://github.com/krocks9903/EagleGIS/blob/script/pdfs/01032024%20minutes.pdf,2024-01-03,Corkscrew Road Widening Corridor,26.436300,-81.770100
Corkscrew Road,Village Council Regular Meeting,2024-01-03,2024,Accepted,"Approved consent agenda. | Adopted the Village of Estero Information Security Policy. Village | Accepted a payment of $30,000 from ProEnergy, LLC, in compromise of the Village’s code enforcement lien on the owner’s property at 8800 Corkscrew Road, and to authorize the Village Manager or his designee to file a release of lien once the payment has been made. | Approved Contract EC 2024-07 with Johnson Engineering, Inc. to prepare the Village Wide Traffic Study for $249,480, approve a $25,000 contingency for additional services that may be required to complete the project, authorize the Village Manager to sign the contract and other additional implementing documents with",9:30 am,ON/CO,Village Council Meeting Minutes — 2024-01-03,https://github.com/krocks9903/EagleGIS/blob/script/pdfs/01032024%20minutes.pdf,2024-01-03,Corkscrew Rd / Puente Lane,26.431200,-81.784700
General Council Business,Village Council Regular Meeting,2024-01-03,2024,Accepted,"Approved consent agenda. | Approved Construction Manager At Risk agreement between Village of Estero and Wright Construction Group, Inc. and to authorize the Village Manager to execute the agreement and any related documents or amendments as may be necessary, except for the Guaranteed Maximum Price amendment, which will be approved by | Approved award of Supplemental Task Authorization 02 to Contract EC 2022-35 to Kimley Horn to provide preliminary design services for the River Oaks Preserve for $97,900, approve a $10,000 contingency for additional services that may be required to complete the project, and Village",9:30 am,ON/IN,Village Council Meeting Minutes — 2024-01-03,https://github.com/krocks9903/EagleGIS/blob/script/pdfs/12062023%20minutes.pdf,2023-12-06,Estero Village Hall,26.428500,-81.806800
General Council Business,Village Council Regular Meeting,2023-12-13,2023,Accepted,"Affirm ed the decision of the Planning Zoning & Design Board to issue the development order , including the conditions that have been set fo rth therein.",9:30 am,TS/AF,Village Council Meeting Minutes — 2023-12-13,https://github.com/krocks9903/EagleGIS/blob/script/pdfs/12132023%20minutes.pdf,2023-12-13,Estero Village Hall,26.428500,-81.806800
General Planning & Zoning,Planning Zoning & Design Board,2023-12-12,2023,Accepted,No action extracted - verify PDF,,,PZ&DB Meeting Minutes — 2023-12-12,https://estero-fl.gov/wp-content/uploads/library-ada/minutes/2023%20MINUTES/PZDB/12122023%20%20%20PZDB%20Minutes.pdf,2023-12-12,Estero Village Hall,26.428500,-81.806800
General Council Business,Village Council Regular Meeting,2023-12-06,2023,Accepted,"Approved consent agenda. | Passed first reading and set second reading for December 6, 2023. | Passed first reading and set second reading for December 6, 2023. | Passed second reading of Ordinance No. 2023- 03 with the recommended changes from the Planning Zoning and Design Board of changing the size of the accessory garage to 580 square feet instead of 500 square feet, strike the language “may not exceed two doors and two bays ”, and on page 2 number 2 change 240 square feet to 280 square feet .",9:30 am,ON/IN,Village Council Meeting Minutes — 2023-12-06,https://github.com/krocks9903/EagleGIS/blob/script/pdfs/11152023%20minutes.pdf,2023-11-15,Estero Village Hall,26.428500,-81.806800
General Council Business,Village Council Regular Meeting,2023-11-15,2023,Accepted,Approved consent agenda with agenda.,9:30 am,ON/CO,Village Council Meeting Minutes — 2023-11-15,https://github.com/krocks9903/EagleGIS/blob/script/pdfs/11012023%20minutes.pdf,2023-11-01,Estero Village Hall,26.428500,-81.806800
General Planning & Zoning,Planning Zoning & Design Board,2023-11-14,2023,Accepted,No action extracted - verify PDF,,,PZ&DB Meeting Minutes — 2023-11-14,https://estero-fl.gov/wp-content/uploads/library-ada/minutes/2023%20MINUTES/PZDB/11142023%20%20%20PZDB%20Minutes.pdf,2023-11-14,Estero Village Hall,26.428500,-81.806800
General Council Business,Village Council Regular Meeting,2023-10-18,2023,Accepted,Approved consent agenda with agenda item 5b removed.,9:30 am,ON/IN,Village Council Meeting Minutes — 2023-10-18,https://github.com/krocks9903/EagleGIS/blob/script/pdfs/10042023%20minutes.pdf,2023-10-04,Estero Village Hall,26.428500,-81.806800
General Planning & Zoning,Planning Zoning & Design Board,2023-10-10,2023,Accepted,No action extracted - verify PDF,,,PZ&DB Meeting Minutes — 2023-10-10,https://estero-fl.gov/wp-content/uploads/library-ada/minutes/2023%20MINUTES/PZDB/10102023%20%20%20PZDB%20Minutes.pdf,2023-10-10,Estero Village Hall,26.428500,-81.806800
General Council Business,Village Council Regular Meeting,2023-09-20,2023,Accepted,"Approved consent agenda. Village | Approved award Misc. Contractor Services contract EC 2019- 66 STA 40 with P & T Lawn & Tractor Services for $254,934 to install new landscaping within US 41 Medians 6- 12, approve a contingency fund amount of $25,500 (an amount equal to 10% of the total project cost) to cover unforeseen circumstances which may occur, and authorize the Village Manager to execute the contract documents on behalf of the Village of Estero | Approved award EC 2019- 66 Supplemental Task Authorization (STA) - 41 for the eng agement of a Contractor to construct and install a monument sign on Three Oaks Parkway at a total cost of $74,449, approve a contingency fund amount of $7,500",9:30 am,ON/CO,Village Council Meeting Minutes — 2023-09-20,https://github.com/krocks9903/EagleGIS/blob/script/pdfs/09072023%20minutes.pdf,2023-09-07,Estero Village Hall,26.428500,-81.806800
General Planning & Zoning,Planning Zoning & Design Board,2023-09-12,2023,Accepted,No action extracted - verify PDF,,,PZ&DB Meeting Minutes — 2023-09-12,https://estero-fl.gov/wp-content/uploads/library-ada/minutes/2023%20MINUTES/PZDB/09122023%20%20%20PZDB%20Minutes.pdf,2023-09-12,Estero Village Hall,26.428500,-81.806800
General Council Business,Village Council Regular Meeting,2023-09-07,2023,Accepted,"Approved Resolution 2023- 20 waiving the provision of SECTION 5, NUMBER 2 .",9:30 am,TD/CS,Village Council Meeting Minutes — 2023-09-07,https://github.com/krocks9903/EagleGIS/blob/script/pdfs/08292023%20minutes.pdf,2023-08-29,Estero Village Hall,26.428500,-81.806800
General Planning & Zoning,Planning Zoning & Design Board,2023-08-22,2023,Accepted,No action extracted - verify PDF,,,PZ&DB Meeting Minutes — 2023-08-22,https://estero-fl.gov/wp-content/uploads/library-ada/minutes/2023%20MINUTES/PZDB/08222023%20%20%20PZDB%20Minutes.pdf,2023-08-22,Estero Village Hall,26.428500,-81.806800
General Planning & Zoning,Planning Zoning & Design Board,2023-08-08,2023,Accepted,No action extracted - verify PDF,,,PZ&DB Meeting Minutes — 2023-08-08,https://estero-fl.gov/wp-content/uploads/library-ada/minutes/2023%20MINUTES/PZDB/08082023%20%20%20PZDB%20Minutes.pdf,2023-08-08,Estero Village Hall,26.428500,-81.806800
Septic to Sewer,Village Council Regular Meeting,2023-07-26,2023,Accepted,"Approv ed the Consent Agenda . Vot e: (Roll Call) Aye : | Adopted Agreement to Transfer Ownership, Operation and Maintenance of the T&T Water Management System and Dedication and Conveyance of Related Roads and the Supplement to Agre ement to Transfer Ownership, Operation, and Maintenance of a Portion of the T&T Water Management System and for Dedication and Conveyance of Roads. | Approved a Sovereignty Submerged Lands easement with the Florida Department of Environmental Protection for the Sunny Groves force main and authorize the Village Mayor to sign the easement and any other associated documents on behalf of the Village.",9:30 am,ON/CO,Village Council Meeting Minutes — 2023-07-26,https://github.com/krocks9903/EagleGIS/blob/script/pdfs/07262023%20minutes.pdf,2023-07-26,Estero Bay Village Septic Area,26.440800,-81.822500
Septic to Sewer,Village Council Regular Meeting,2023-07-26,2023,Accepted,"Approv ed the Consent Agenda . Vot e: (Roll Call) Aye : | Adopted Agreement to Transfer Ownership, Operation and Maintenance of the T&T Water Management System and Dedication and Conveyance of Related Roads and the Supplement to Agre ement to Transfer Ownership, Operation, and Maintenance of a Portion of the T&T Water Management System and for Dedication and Conveyance of Roads. | Approved a Sovereignty Submerged Lands easement with the Florida Department of Environmental Protection for the Sunny Groves force main and authorize the Village Mayor to sign the easement and any other associated documents on behalf of the Village.",9:30 am,ON/CO,Village Council Meeting Minutes — 2023-07-26,https://github.com/krocks9903/EagleGIS/blob/script/pdfs/07262023%20minutes.pdf,2023-07-26,Sunny Grove Septic Area,26.437600,-81.812800
Septic to Sewer,Village Council Regular Meeting,2023-07-26,2023,Accepted,"Approv ed the Consent Agenda . Vot e: (Roll Call) Aye : | Adopted Agreement to Transfer Ownership, Operation and Maintenance of the T&T Water Management System and Dedication and Conveyance of Related Roads and the Supplement to Agre ement to Transfer Ownership, Operation, and Maintenance of a Portion of the T&T Water Management System and for Dedication and Conveyance of Roads. | Approved a Sovereignty Submerged Lands easement with the Florida Department of Environmental Protection for the Sunny Groves force main and authorize the Village Mayor to sign the easement and any other associated documents on behalf of the Village.",9:30 am,ON/CO,Village Council Meeting Minutes — 2023-07-26,https://github.com/krocks9903/EagleGIS/blob/script/pdfs/07262023%20minutes.pdf,2023-07-26,Cypress Bend Septic Area,26.446900,-81.811600
Septic to Sewer,Village Council Regular Meeting,2023-07-26,2023,Accepted,"Approv ed the Consent Agenda . Vot e: (Roll Call) Aye : | Adopted Agreement to Transfer Ownership, Operation and Maintenance of the T&T Water Management System and Dedication and Conveyance of Related Roads and the Supplement to Agre ement to Transfer Ownership, Operation, and Maintenance of a Portion of the T&T Water Management System and for Dedication and Conveyance of Roads. | Approved a Sovereignty Submerged Lands easement with the Florida Department of Environmental Protection for the Sunny Groves force main and authorize the Village Mayor to sign the easement and any other associated documents on behalf of the Village.",9:30 am,ON/CO,Village Council Meeting Minutes — 2023-07-26,https://github.com/krocks9903/EagleGIS/blob/script/pdfs/07262023%20minutes.pdf,2023-07-26,Broadway Avenue East UEP,26.442000,-81.805400
General Planning & Zoning,Planning Zoning & Design Board,2023-07-25,2023,Accepted,No action extracted - verify PDF,,,PZ&DB Meeting Minutes — 2023-07-25,https://estero-fl.gov/wp-content/uploads/library-ada/minutes/2023%20MINUTES/PZDB/07252023%20%20%20PZDB%20Minutes.pdf,2023-07-25,Estero Village Hall,26.428500,-81.806800
General Planning & Zoning,Planning Zoning & Design Board,2023-07-11,2023,Accepted,No action extracted - verify PDF,,,PZ&DB Meeting Minutes — 2023-07-11,https://estero-fl.gov/wp-content/uploads/library-ada/minutes/2023%20MINUTES/PZDB/07112023%20%20%20PZDB%20Minutes.pdf,2023-07-11,Estero Village Hall,26.428500,-81.806800
BERT Rail Trail,Village Council Regular Meeting,2023-07-05,2023,Accepted,"Approv ed the Consent Agenda. Vot e: (Roll Call) Aye: | Adopted Resoluti on No. 2023- 12. | Approved award of Suppleme ntal Task Authorization 06 to Contract EC 2022- 38 to Johnson Engineering to provide water monitoring services for The Village of Estero for $146,340, approve a $14,600 contingency for additional services that may be required to complete the project and authorize the Village Manager to sign the STA and other additional impleme nting documents within the scope of the STA on behalf of the Village of Estero | App roved of RFB 2023- 07, Sandy Lane Path Prefabricated Bridge to Contech Engine ered Solutions, LLC to provide the bridge as provided in the contract, at a grand total c",9:30 am,ON/CO,Village Council Meeting Minutes — 2023-07-05,https://github.com/krocks9903/EagleGIS/blob/script/pdfs/07052023%20%20minutes.pdf,2023-07-05,BERT Rail Trail Corridor,26.433900,-81.815700
Corkscrew Road,Village Council Regular Meeting,2023-06-21,2023,Accepted,"Approved the Consent Agenda. Vot e: (Roll Cal l) Aye: | Approved STA 02 to Contract EC 2022- 29 with Weston & Sampson to design and permit the extension of utilities to Cypress Park Circle for $311,650, approve a $31,000 contingency (10%) for additional services that may be required to complete the project, and authorize the Village Village | Approved award of Request for Bi ds No. RFB 2023- 04, 8801 Corkscrew Road Structure Demolition to Southwest Builders Inc. to demolish the structure located at 8801 Corkscrew Road at a grand total cost of $106,890, approve a contingency fund amount of $10,689 (an amount equal to 10% of the total project cost) to cover unforeseen circumstances which may o",9:30 am,ON/CO,Village Council Meeting Minutes — 2023-06-21,https://github.com/krocks9903/EagleGIS/blob/script/pdfs/06212023%20%20minutes.pdf,2023-06-21,Corkscrew Road Widening Corridor,26.436300,-81.770100
Corkscrew Road,Village Council Regular Meeting,2023-06-21,2023,Accepted,"Approved the Consent Agenda. Vot e: (Roll Cal l) Aye: | Approved STA 02 to Contract EC 2022- 29 with Weston & Sampson to design and permit the extension of utilities to Cypress Park Circle for $311,650, approve a $31,000 contingency (10%) for additional services that may be required to complete the project, and authorize the Village Village | Approved award of Request for Bi ds No. RFB 2023- 04, 8801 Corkscrew Road Structure Demolition to Southwest Builders Inc. to demolish the structure located at 8801 Corkscrew Road at a grand total cost of $106,890, approve a contingency fund amount of $10,689 (an amount equal to 10% of the total project cost) to cover unforeseen circumstances which may o",9:30 am,ON/CO,Village Council Meeting Minutes — 2023-06-21,https://github.com/krocks9903/EagleGIS/blob/script/pdfs/06212023%20%20minutes.pdf,2023-06-21,Corkscrew Rd / Puente Lane,26.431200,-81.784700
General Council Business,Village Council Regular Meeting,2023-06-21,2023,Accepted,Approved the Consent Agenda . Vot e: (Roll Call) Aye: | Approved Village | Approved Supplemental | Pass ed First Reading of Ordinance 2023 -04 and set | M oved Capital Improvement Hearing and Resolution 2023- 11 on to second,9:30 am,ON/CO,Village Council Meeting Minutes — 2023-06-21,https://github.com/krocks9903/EagleGIS/blob/script/pdfs/06072023%20%20minutes.pdf,2023-06-07,Estero Village Hall,26.428500,-81.806800
