meeting_id,project_id,type_id,meeting_date,meeting_year,location,start_time,end_time,action_taken,status,approved_by_council_date,doc_ref_code,filename,notes,location_id
1,2,1,2024-01-03,2024,Village of Estero Council Chambers,9:30 AM,null,"Adopted the Village of Estero Information Security Policy. Village | Accepted a payment of $30,000 from ProEnergy, LLC, in compromise of the Village’s code enforcement lien on the owner’s property at 8800 Corkscrew Road, and to authorize the Village Manager or his designee to file a release of lien once the payment has been made. Vote : (Roll Call) Aye: | Approved Contract EC 2024-07 with Johnson Engineering, Inc. to prepare the Village Wide Traffic Study for $249,480, approve a $25,000 contingency for additional services that may be required to complete the project, authorize the Village Manager to sign the contract and other additional implementing documents within the scope of the contract on behalf of the Village of Estero | Approve d contract EC 2024- 06 with Florida Acquisition Services to provide right -of-way acquisition services to the Village of Estero and authorize the Village Manager to sign the contract and other implementing documents within the scope of the contract on behalf of the Village of Estero | Approve d Change Order No. 1 in the amount of $8,500.00 to Contract EC 2022- 83 with National Water Main Cleaning Company for the gravity sewer line testing in the Estero Bay Village, Sunny Grove, and Cypress Bend mobile home developments, approve a 10% (of the total project cost) project contingency of $9,400, and authorize the Village Manager to Village",Accepted,null,td/CS,01032024 minutes.pdf,null,null
2,3,1,2024-01-03,2024,Village of Estero Council Chambers,9:30 AM,null,"Adopted the Village of Estero Information Security Policy. Village | Accepted a payment of $30,000 from ProEnergy, LLC, in compromise of the Village’s code enforcement lien on the owner’s property at 8800 Corkscrew Road, and to authorize the Village Manager or his designee to file a release of lien once the payment has been made. Vote : (Roll Call) Aye: | Approved Contract EC 2024-07 with Johnson Engineering, Inc. to prepare the Village Wide Traffic Study for $249,480, approve a $25,000 contingency for additional services that may be required to complete the project, authorize the Village Manager to sign the contract and other additional implementing documents within the scope of the contract on behalf of the Village of Estero | Approve d contract EC 2024- 06 with Florida Acquisition Services to provide right -of-way acquisition services to the Village of Estero and authorize the Village Manager to sign the contract and other implementing documents within the scope of the contract on behalf of the Village of Estero | Approve d Change Order No. 1 in the amount of $8,500.00 to Contract EC 2022- 83 with National Water Main Cleaning Company for the gravity sewer line testing in the Estero Bay Village, Sunny Grove, and Cypress Bend mobile home developments, approve a 10% (of the total project cost) project contingency of $9,400, and authorize the Village Manager to Village",Accepted,null,td/CS,01032024 minutes.pdf,null,null
3,1,1,2016-06-08,2016,Village of Estero Council Chambers,9:30 AM,12:53 PM,Adopted Resolution No. 2017-02. | Adopted Resolution No. 2017-03 and approved the agreement between the Village and Pritchard Construction LLC as amended. | Approved the Traffic Signal Maintenance Agreement with Lee County | Passed first reading and set second reading and | Passed second reading and adopted Ordinance No. 2016-15. | Passed second reading and adopted Ordinance No. 2016-16.,Accepted,null,null,010417 Council Meeting Approved Minutes.pdf,null,null
4,1,1,2023-01-18,2023,Village of Estero Council Chambers,9:30 AM,null,"Approved Change Order #1 to Contract EC 2019- 36 in t he amount of $46,980 with Coastal Engineering Consultants, Inc. for additional work required to address environmental permit application questions from the Florida Department of Environmental Protection for the propos ed dredging of sediments from the Ester o River. | A ccept ed the Village’s portion of the Opiod Settlement in the amount of $14,400.",Accepted,null,td/CS,01042023 minutes.pdf,null,null
5,1,1,2016-01-20,2016,Village of Estero Council Chambers,10:00 AM,null,Approved first reading of Ordinance No. 2016-01. | Adopted Resolution No. 2016-01. | Adopted Resolution No. 2016-02. | Adopted Resolution No. 2016-03. | No action required. 8.,Accepted,null,null,01062016 minutes.pdf,null,null
6,1,1,2025-01-22,2025,Village of Estero Council Chambers,9:30 AM,11:25 AM,"Approved award of Task Authorization 14 to Contract EC 2022- 38 to Johnson Engineering to provide water monitoring services for The Village of Estero for $193,411, approve a $19,000 contingency for additional services that may be required to complete the project, and authorize the Village Manager to sign the STA and other additional implementing documents within the scope of the STA on behalf of the Village of Estero | Passed first reading and schedule second reading for February 5, 2025 and the applica nt will provide us with additional information. Village | Passed first reading and schedule second reading for January 22, 2025.",Accepted,null,td/CS,01082025 minutes.pdf,null,null
7,1,1,2016-02-10,2016,Village of Estero Council Chambers,2:01 PM,null,"Directed Village Land Use Attorney Nancy Stroud to investigate the merits | Continued deliberations to 9:00 a.m. on January 20, 2016.",Accepted,null,null,01132016 minutes.pdf,null,null
8,1,1,2021-01-13,2021,Village of Estero Council Chambers,9:30 AM,11:03 AM,No action found,Accepted,null,td/SS,01132021 Minutes.pdf,null,null
9,1,1,2021-02-17,2021,Village of Estero Council Chambers,9:30 AM,11:41 AM,Approved to permit | Approved Ordinance 2021- 01.,Accepted,null,td/CS,01202021 minutes.pdf,null,null
10,1,1,2024-01-24,2024,Village of Estero Council Chambers,9:30 AM,12:39 PM,"Approve d Interlocal Agreement for Election Services with the Supervisor of Elections. Village | Approved EC 2024- 10 in the amount of $151,440 for CW3 Engineering, Inc. to provide construction engineering and inspection services for the Estero on the River Phase 1 Improvements, approve a $15,000 contingency for additional services tha t may be required to complete the project and authorize the Village Manager to sign the contract and other additional implementing documents within the scope of the contract on behalf of the Village of Estero | Approve d EC 2024- 09 in the amount of $490,560.65 for HighSpans Engineering, Inc. to provide construction engineering and inspection services for the Sandy Lake Bike/Ped Improvements, approve a $49,000 contingency for additional services that may be required to complete the project, and authorize the Village Manager to sign the contract and other additional i mplementing documents within the scope of the contract on behalf of the Village of Estero | Adopted Resolution No. 2024- 02. Vote : (Roll Call) Aye: | Approve d Agreement of Purchase and Sale Agreement for the purchase of 20897 Three Oaks Parkway. Vote : (Roll Call) Aye: | Approve d Recreation Lease Agreement with the Lee County School Board . Vote : (Roll Call) Aye:",Accepted,null,td/CS,01242024 minutes.pdf,null,null
11,1,1,2021-01-27,2021,Village of Estero Council Chambers,9:30 AM,12:45 PM,"Approved to permit | Approved Resolution No. 2021- 01. Village | A dopted the Land Development Code Ordinance 2020- 10 and Official Zoning Map as amended in the “Addendum of Recommended Changes ” document dated January 19, 2021 as well as the addition of a sentence to Table 3- 405.C that states “A stand -alone car wash which has applied but has not been determined to be complete for an application for Development Order prior to January 27, 2021, and which submits a complete application for Development Order prior to April 27, 2021, a permitted use and not a special exception use shall apply.”",Accepted,null,td/CS,01272021 minutes.pdf,null,null
12,1,1,2021-01-06,2021,Village of Estero Council Chambers,9:30 AM,10:26 AM,Estero Chamber of Commerce approval of financial support for Strategic Plans for Future Growth and Impact . | Passed first reading of Ordinance No. 2020- 11 and schedule second reading/ | Passed first reading of Ordinance No. 2021- 01 and schedule second reading/ | Approved m otion for a continuance until February 3 with the goal of making a final decision . | A dopted Ordinance 2020- 07.,Accepted,null,td/SS,0162021 Minutes.pdf,null,null
13,1,1,2023-02-15,2023,Village of Estero Council Chambers,9:30 AM,null,"Passed first reading of Zoning Ordinance 2023- 01 and set seco nd reading for February 15, 2023. Village",Accepted,null,td/CS,02012023 minutes.pdf,null,null
14,2,1,2022-02-16,2022,Village of Estero Council Chambers,9:30 AM,null,"Adopted Resolution No. 2022- 02. | Approve d the consultants ranking for Sandy Lane and Broadway East Bicycle/Pedestrian Improvements Pro ject as follows: Number Village | Approve d the consultants ranking for Broadway Avenue West Utilities Extension Project (UEP) as follows: Number 1 – Johnson Engineering, Inc.; Number 2 – Tetra Tech, Inc. ; Number 3 – CW3 Engineering, Inc.; Number 4 – JR Evans Engineering, P.A., and authorize | Approve d the consultants ranking for Broadway Avenue East Utilities Extension Project (UEP) as follows: Number 1 – Tetra Tech, Inc.; Number 2 – Johnson Engineering, Inc.; Number 3 – CW3 Engineering, Inc .; Number 4 – JR Evans Engineering, P.A., and authorize",Accepted,null,td/CS,02022022 minutes.pdf,null,null
15,1,1,2025-02-19,2025,Village of Estero Council Chambers,9:30 AM,11:08 AM,"Approved Resolution No. 2025- 01 to reappoint two (2) Planning, Zoning, and Design Board members for a one -year term. | Adopted Ordinance No. 2024- 14 with",Accepted,null,td/CS,02052025.pdf,null,null
16,3,1,2024-02-21,2024,Village of Estero Council Chambers,9:30 AM,null,"Approve d schedule for Planning Zoning and Design Board appointments. Village | Adopted Resolution No. 2024- 03. Vote : (Roll Call) Aye: | Approve d EC 2024- 06 STA - 02 in the amount of $47,200 for Florida Acquisition & Appraisal Inc. to provide easement acquisition services for the Sandy Lane Bike/Ped Improvements Project, approve a $4,700 contingency for additional services that may be required to complete the project, and authorize the Village Manager to sign the contract and other additional implementing documents within the scope of the contract on behalf of the Village of Estero | Approve d EC 2024- 06 STA -03 in the amount of $200,600 for Florida Acquisition & Appraisal Inc. to provide easement acquisition services for the River Ranch Road Improvements Project, approve a $20,000 contingency for additional services that may be required to complete the project, and authorize the Village Manager to sign the contract and other additional implementing documents within the scope of the contract on behalf of the Village of Estero | Approve d EC 2019- 66 STA -42 in the amount of $236,405 for P & T Lawn & Tractor Services, Inc. to install landscaping along US 41 from Williams Road to south of Estero Parkway, approve a $23,000 contingency for additional services that may be required to complete the project, and authorize the Village Manager to sign the contract and other additional implementing documents within the scope of the contract on Village | Approve d EC 2024- 06 STA - 01 in the amount of $59,000 for Florida Acquisition & Appraisal Inc. to provide easement acquisition services for the Corkscrew Road Pathway Improvements Project, approve a $5,900 contingency for additional services that may be required to complete the project, and authorize the Village Manager to sign the contract and other additional implementing documents within the scope of the contract on behalf of the Village of Estero",Accepted,null,td/CS,02072024 minutes.pdf,null,null
17,1,1,2016-03-16,2016,Village of Estero Council Chambers,10:00 AM,null,"Appointed Robert King as Village CAC Representative to MPO. | Accepted the letter of resignation from Jeffrey Mass dated January 12, 2016 and directed the Village Clerk to advertise the vacancy and solicit applications. | Adopted Resolution 2016-05 as amended. | Authorized the Mayor to sign the letter and approved and endorsed the white paper entitled ""Caloosahatchee Watershed Regional Water Management Issues."" | Adopted Resolution No. 2016-04.",Accepted,null,null,021016 Council Regular Meeting Approved Minutes.pdf,null,null
18,1,1,2022-02-16,2022,Village of Estero Council Chambers,9:30 AM,null,Approve d the 2021- 2022 Interlocal Agreement between Village of Estero and Lee County for Stray Animal Control Services.,Accepted,null,td/CS,02162022 minutes.pdf,null,null
19,1,1,2024-02-21,2024,Village of Estero Council Chambers,9:30 AM,10:50 AM,"Approve da perpetual sidewalk easement agreement with GL Homes to obtain an easement for the path along the River Creek Community and pay GL Homes $104,994.23 after they build the path using asphalt as the material, approve a $10,000 contingency for additional services that may be required to complete the project, and authorize the Village Manager to sign the sidewalk easement agreement and other additional implementing documents within the scope of the agreement on behalf of the Village of Estero | P assed first reading of Ordinance No. 2024- 03 and set second reading for March 6, 2024. Vote : (Roll Call) Aye:",Accepted,null,td/CS,02212024 minutes.pdf,null,null
20,1,1,2021-02-24,2021,Village of Estero Council Chambers,9:30 AM,11:14 AM,Approve d Resolution No. 2021- 02 and authorize the Village to modify the Resolution if needed.,Accepted,null,td/CS,02242021 minutes.pdf,null,null
21,3,1,2021-03-03,2021,Village of Estero Council Chambers,9:30 AM,11:17 AM,"Approved to permit | Denied request to amend the zoning for the Estero Town Center CPD for a Firestone Complete Auto C are, and adopt Ordinance 2020- 09. | Approved the Williams Road Bicycle and Pedestrian Improvements – Concept Design contract with Banks Engineering under Supplemental Task Authorization (STA) – 01 Contract EC 2020- 56 Miscellaneous Professional Services to perform a suite of desi gn services for the Bicycle & Pedestrian improvements along Williams Road, betwe en US 41 and Village | Approved Ben Hill Griffin Parkway Preliminar y Landscape Design contracts with Bruce Howard and Associates under EC2020- 42 and RWA Engineering under EC2020- 67 to perform a suite of design services for the proposed landscape improvements along Ben Hill Griffin Parkway from Corkscrew Road to Estero Pa rkway, a pprove a 10% contingency for additional services that may be r equired to complete the project, and Authorize the Village Manager to sign the Supplemental Task Authorization (STA) and other additional implementing documents within the scope of the S TAs on behalf of the Village of Estero",Accepted,null,td/CS,0232021 minutes.pdf,null,null
22,1,1,2023-03-15,2023,Village of Estero Council Chambers,9:30 AM,null,"A pprove s Supplemental Task Authorization (STA) -34 under contract EC 2019- 06 to P & T Lawn and Tractor Service, Inc. to construct and install a monument sign on US 41 at a total cost of $69,968, approve a contingency fund amount of $7,000 (an amount equal to 10% of the total project cost) to cover unforeseen circumstances which may occur, and authorize the Village Manager to execute the STA on behalf of the Village of Estero | A pproved Ordinance No. 2023 -02 the recommended changes made by the P lanning Zoning and Design Board. Village",Accepted,null,td/CS,03012023 minutes.pdf,null,null
23,1,1,2024-03-20,2024,Village of Estero Council Chambers,9:30 AM,11:45 AM,"Approve d EC 2024- 26 in the amount of $1,967,667 for Hellas Construction, Inc. to install artificial turf on The Jeff Sommer Stadium football field, approve a $197,000 contingency for additional services that may be required to complete the project, and authorize the Village Manager to sign the contract and other additional implementing documents within the scope of the contract on behalf of the Village of Estero | A pprove d the attached Professional Services agreement with Vieste, LLC. | P assed first reading of Ordinance No. 2024- 01 and set second reading for March 20, 2024. | P assed first reading of Ordinance No. 2024- 02 and set second reading for March 20, 2024. | P assed first reading of Ordinance No. 2024- 04 and set second reading for March 20, 2024. | A dopted Ordinance No. 2024- 03 subject to changing the word enforcement to compliance .",Accepted,null,td/CS,03062024 minutes.pdf,null,null
24,1,1,2016-04-06,2016,Village of Estero Council Chambers,10:00 AM,null,"Approved continuing to a date certain, March 23, 2016.",Accepted,null,null,030916 Zoning Hearing Approved Minutes.pdf,null,null
133,1,1,2015-12-11,2015,Village of Estero Council Chambers,9:30 AM,null,No action found,Accepted,null,null,121115 Workshop Approved Minutes.pdf,null,null
25,2,1,2022-04-06,2022,Village of Estero Council Chambers,9:30 AM,11:12 AM,"Approved initiation of a rezoning and Comprehensive Plan Amendme nt for property south of Estero River, East of US 41 and north of Corkscrew Road . | Approve d the purchase of the 10- acre vacant parcel, commonly known as “River Oaks” at the east end of Broadway Avenue. | Approve d First Addendum to Peoples Gas System, Inc. “(TECO)” Franchise Agreement Ordinance 2021 -09. | Approve d the contract with Atkins North Amer ica to provide design and permitting services for the Sandy Lane and Broadway East Bicycle/Pedestrian Improvements Project in the amount of $671,513.25, approve a contingency fund amount of $67,000 (an amount equal to 10% of the total project cost) to cove r unforeseen circumstances which may occur, and authorize the Vi llage Manager to execute t he contract with Atkins North America and Village",Accepted,null,td/CS,03162022 minutes.pdf,null,null
26,3,1,2022-04-06,2022,Village of Estero Council Chambers,9:30 AM,11:12 AM,"Approved initiation of a rezoning and Comprehensive Plan Amendme nt for property south of Estero River, East of US 41 and north of Corkscrew Road . | Approve d the purchase of the 10- acre vacant parcel, commonly known as “River Oaks” at the east end of Broadway Avenue. | Approve d First Addendum to Peoples Gas System, Inc. “(TECO)” Franchise Agreement Ordinance 2021 -09. | Approve d the contract with Atkins North Amer ica to provide design and permitting services for the Sandy Lane and Broadway East Bicycle/Pedestrian Improvements Project in the amount of $671,513.25, approve a contingency fund amount of $67,000 (an amount equal to 10% of the total project cost) to cove r unforeseen circumstances which may occur, and authorize the Vi llage Manager to execute t he contract with Atkins North America and Village",Accepted,null,td/CS,03162022 minutes.pdf,null,null
27,1,1,2015-03-17,2015,Village of Estero Council Chambers,6:30 PM,null,No action found,Accepted,null,null,031715 Regular Meeting Minutes.pdf,null,null
28,1,1,2021-03-24,2021,Village of Estero Council Chambers,9:30 AM,10:26 AM,"Elected Vice Mayor Errington to be Mayor. Village | Approved Resolution 2021-04. | Authorized the M ayor to provide letters to our legislative deleg ation on several issues of local government preemption that are being considered by the legislature, one being building design standards preemption, the other being the comprehensive plan language in S enate Bill 284, and the language in House Bill 403, which is the home-based business preemption.",Accepted,null,td/CS,03172021 minutes.pdf,null,null
29,1,1,2015-03-20,2015,Village of Estero Council Chambers,9:30 AM,null,No action found,Accepted,null,null,032015 Workshop Minutes.pdf,null,null
30,1,1,2024-04-03,2024,Village of Estero Council Chambers,9:30 AM,11:19 AM,"Approve d EC 2023- 38 STA -02 in the amount of $203,782 for Hagerty Consulting, Inc. to assist the Village of Estero in preparing and submitting CDBG -DR Infrastructure Grant applications, approve a $20,000 contingency for additional services that may be required to complete the project, and authorize the Village Manager to sign the contract and other additional implementing documents within the scope of the contract on behalf of the Village of Estero | Approve d EC 2024- 27 Chris -Tel Construction Piggyback Agreement for Construction Manager at Risk services and to authorize the Village Manager to execute the agreement and any related documents or amendments as may be necessary. | Approve d EC 2024- 28 Manhattan Construction Piggyback Agreement for Construction Manager at Risk services and to authorize the Village Manager to execute the agreement and any related documents or amendments as may be necessary. | Adopted Ordinance No. 2024- 01. | Adopted Ordinance No. 2024- 02. | Adopted Ordinance No. 2024- 04.",Accepted,null,td/CS,03202024 minutes.pdf,null,null
31,3,1,2016-04-20,2016,Village of Estero Council Chambers,10:00 AM,null,"Adopted Ordinance No. 2016-02 as amended. | Accepted all submissions, appointed the Village Manager, Finance | Accepted all submissions, appointed the Village Manager, Finance Director and Community Development Director as the interview committee, directed the committee to interview each firm (these would be posted and | Awarded the bid to ProAudio Services with the recommended add-ons. | Authorized the Village Manager to submit a letter to Lee County requesting support for traffic control for Bella Terra and Corkscrew Road, the sidewalk project on Estero Parkway, and resurfacing Estero Parkway. | Approved commencing",Accepted,null,null,032316 Council Meeting Approved Minutes.pdf,null,null
32,1,1,2015-03-27,2015,Village of Estero Council Chambers,9:30 AM,null,No action found,Accepted,null,null,03272015 minutes.pdf,null,null
33,1,1,2016-05-04,2016,Village of Estero Council Chambers,10:00 AM,null,Passed first reading and transmittal of Ordinance No. 2016-04.,Accepted,null,null,033016 Council Meeting Approved Minutes.pdf,null,null
34,1,1,2025-04-16,2025,Village of Estero Council Chambers,9:30 AM,10:55 AM,"Adopted Resolution No. 2025- 06. | A dopted the First Amendment . | A uthorized a deeper solicitation process to search for additional, complimentary sports, entertainment and recreational partners within the Village Center Hub . | A pprove d award of Contract EC 2022- 33 Change Order 01 to RWA Engineering to provide additional professional services to update design changes. Vote : (Roll Call) Aye: | A pprove d the BERT Memorandum of Agreement and to authorize the Village Manager to approve any minor revisions requested by the other partners to the agreement . | Approved Ordinance No. 2025-03 on First Reading and schedule Second Reading for April 16, 2025.",Accepted,null,td/CS,04022025.pdf,null,null
35,1,1,2024-04-17,2024,Village of Estero Council Chambers,9:30 AM,11:19 AM,"Selected Al Paivandy, James E Tatooles, and Leonard E Scotty Wood III to a one -year term to the Planning, Zoning, and Design Board members, Dan Williams, Anthony Gargano, and Michael Sheeley to a three -year term to the Planning Zoning and Design Board and approve Resolution No. 2024- 04. Vote : (Roll Call) Aye: | Selected Anthony Gargano as Chairperson of the Planning Zoning and Design Board. | Approve d the Framework of Cooperation Between the Village of Estero and the Estero Forever Foundation. | Approve d EC 2024- 29 Wright Construction Group Piggyback Agreement for Construction Manager At Risk services and to authorize the Village Manager to execute the agreement and any related documents or amendments as may be necessary. | Approve d EC 2019- 66 STA -44 in the amount of $57,500 with P & T Lawn & Tractor to relocated twelve palm trees at Jeff Sommer Stadium, approve a $5,000 contingency for additional services that may be required to complete the project, and authorize the Village Manager to sign the contract and other additional implementing documents within the scope of the contract on behalf of the Village of Estero | Approved EC 2022-38 STA-13 in the amount of $175,486 with Johnson Engineering to perform construction site inspections for all projects within the Village of Estero, approve a $17,000 contingency for additional services that may be required to complete the project, authorize the Village Manager to sign the contract and other additional implementing documents within the scope of the contract on behalf of the Village of Estero",Accepted,null,td/CS,04032024 minutes.pdf,null,null
36,1,1,2023-04-19,2023,Village of Estero Council Chambers,9:30 AM,null,A dopted Resolution No. 2023- 07. Village | A dopted Resolution No. 2023- 08.,Accepted,null,td/CS,04052023 minutes.pdf,null,null
37,1,1,2015-04-06,2015,Village of Estero Council Chambers,9:30 AM,null,No action found,Accepted,null,null,040615 Regular Meeting Minutes.pdf,null,null
38,2,1,2022-04-20,2022,Village of Estero Council Chambers,9:30 AM,11:10 AM,"Adopted Resolution 2022- 03 which approves the updated Multijurisdictional Program for | Approve d final P lat for Estero Crossing . | Approve d final Pla t for Rivercreek Phase One (formerly known as Corkscrew Crossing) . | Approve d Resolution No. 2022- 05 to purchase the 10- acre vacant parcel, commonly known as “River Oaks” at the east end of Broadway Avenue. | Approved Resolution No. 2022- 06 Commercial Contract for the Purchase of Real Estate from Gess Family Partnership + Gulf Coast Driving Range LLC, Located at 9000 Wi lliams Road, Estero, Florida . | Approved the following list of short -listed firms listed below. Delegate authority to",Accepted,null,td/CS,04062022 minutes.pdf,null,null
39,1,1,2015-04-07,2015,Village of Estero Council Chambers,9:30 AM,null,No action found,Accepted,null,null,040715 Workshop Minutes.pdf,null,null
40,1,1,2021-04-21,2021,Village of Estero Council Chambers,9:30 AM,12:02 PM,"Approved Resolution 2021- 10. | Approved Resolution 2021- 12. | Approve d award of Request for Bids No. RFB 2021- 02, US 41 Landscape Improvements Broadway East to Vintage Parkway and Coconut Road to Fountain Lakes Boulevard to P & T Lawn and Tractor Service, Inc. at a Grand Total Cost of $118,075, ap prove a contingency fund amount of $11,800 (an amount equal to 10% of the total project cost) to cover unforeseen circumstances which may occur, and a uthorize the Village Manager to execute the contract and any other related ancillary documents on behalf of the Village of Estero Counci l. | Approve d award of Supplemental Task Authorization ( STA) – 02 Contract EC 2020- 61 to KCA under the Village’s Misc. Service Contract CN 2020- 01 in the amount of $469,099, approve a contingency fund amount of $47,000 (an amount equal to 10% of the total project cost) to cover unforesee n circumstances which ma y occur, and a uthorize the Village Manager to execute the STA and any other related ancillary documents on behalf of the Village of Estero | Approve d award of Supplemental Task Authorization (STA) 06 to Contract EC 2020- 48 to CW3 Engineering under the Village’s Misc. Service Contract CN 2 020-01 in the amount of $54,000, approve a contingency fund amount of $5,400 (an amount equal to 10% of the total project cost) to cover unforesee n circumstances which may occur, and a uthorize the Village Manager to execute the STA and any other related ancillary documents on behalf of the Village of Estero | Approve d award of Suppl emental Task Authorization 06 to Contract EC 2020- 32 to Johnson Engineering to provide water monitoring services for The Village of Estero for $41,352, a pprove a 10% contingency for additional services that may be required to complete the project, and a uthorize the Village Manger to sign the STA and other additional implementing documents within the scope of the STA on behalf of the Village of Estero",Accepted,null,td/CS,04072021 minutes.pdf,null,null
41,1,1,2015-04-10,2015,Village of Estero Council Chambers,9:30 AM,null,No action found,Accepted,null,null,041015 Workshop Minutes.pdf,null,null
42,1,1,2022-04-13,2022,Village of Estero Council Chambers,9:30 AM,null,No action found,Accepted,null,td/CS,04132022 minutes.pdf,null,null
43,1,1,2015-04-17,2015,Village of Estero Council Chambers,9:30 AM,null,No action found,Accepted,null,null,04172015 minutes.pdf,null,null
44,2,1,2024-05-01,2024,Village of Estero Council Chambers,9:30 AM,11:03 AM,"Approved EC 2024- 06 STA -05 in the amount of $81,000 with Florida Acquisition & Appraisal, Inc. to assist the Village in obtaining easement and property required to construction the Broadway Ave East UEP Areas 2 & 3, approve a $8,100 contingency for additional services that may be required to complete the project, and authorize the Village Manager to sign the contract and other additional implementing documents within the scope of the contract on behalf of the Village of Estero | Approve d the Assignment and Amendment of the License Agreement for Sandy Lane Right of Way Occupation, Drainage Pipe Construction and Maintenance agreement with Seminole Gulf Railway and authorize the Village Manager to execute the agreement on behalf of the Village | Approve d continuance to May 1, 2024.",Accepted,null,td/CS,04172024 minutes.pdf,null,null
45,1,1,2023-05-03,2023,Village of Estero Council Chambers,9:30 AM,11:25 AM,"Adopted Resolution No. 2023- 09. | A pproved the award of Supplemental Task authorization 04 to Contract EC 2023- 38 to Johnson Engineering, Inc. for the Phase 1 Estero Parkway Reuse Ma in Design, Permit and Grant Funding Assistance at a cost of $89,858.00, approve a $9,000 contingency (10%) for additional services that may be required to complete the project, and authorize the Village Manager to sign the STA and other additional impleme nting documents within the scope of the STA on behalf of the Village of Estero | Approv ed the consultants ranking f or Williams Road Widening Preliminary Design and Engineering P roject as follows: Number 1 – Kisinger Campo & Associates; Number 2 – Village | Approv ed the revised Hagerty Consulting, Inc. contract and a uthorize the Village Manager to execute the contract document on behalf of the Village of Estero",Accepted,null,td/CS,04192023  minutes.pdf,null,null
46,1,1,2016-05-18,2016,Village of Estero Council Chambers,9:30 AM,null,"Accepted Roger Strelow's resignation, with thanks from the",Accepted,null,null,042016 Council Meeting Approved Minutes.pdf,null,null
47,3,1,2022-04-20,2022,Village of Estero Council Chambers,9:30 AM,null,"Adopted Resolution No. 2022- 08 to purchas e the 10 -acre vacant parcel, commonly known as “River Oaks” at the east end of Broadway Avenue. | Amendme nt One to Contract No. EC 2020- 31 for Estero on the River Structure Demolition and updating contract to keep structure #6, the bomb shelter . | Approve d the contract EC 2020- 48 STA 10 with CW3 Engineering to provide de sign and permitting services for the Williams Road Bicycle/Pedestrian Improvements Project in the amount of $358,790, approve a contingency fund amount of $36,000 (an amount equal to 10% of the total project cost) to cover unforeseen circumstances which ma y occur, and authorize the Vill age Manager to execute the contract with CW3 Engineering and any other related ancillary documents on behalf of the Village | Approve d Ben Hill Griffin Parkway Improvements contracts with Bruce Howard and Associates under EC2020- 42 STA - 07 and CW3 Engineering under EC2020- 48 STA - 09 to perform landscape architecture and engineering ser vices for the proposed improvements along Ben Hill Griffin Parkway from Corkscrew Road to Estero Parkway.",Accepted,null,td/CS,04202022 minutes.pdf,null,null
48,1,1,2015-04-24,2015,Village of Estero Council Chambers,10:00 AM,null,No action found,Accepted,null,null,04242015 minutes.pdf,null,null
49,1,1,2024-05-15,2024,Village of Estero Council Chambers,9:30 AM,12:35 PM,"Approved Construction Manager at Risk agreement between Village of Estero and Manhattan Construction, Inc. for Williams Road and Atlantic Gulf Blvd Intersection Project and to authorize the Village Manager to execute the agreement and any related documents or amendments as may be necessary, except for the Guaranteed Maximum Price amendment, which will be approved by | Approve d Construction Manager at Risk agreement between Village of Estero and Chris -Tel Construction, Inc. for the Sandy Lane Bike/Ped Improvements Project and to authorize the Village Manager to execute the agreement with an effective date of July 1, 2024 and any related documents or amendments as may be necessary, except for the Guaranteed Maximum Price amendment, which will be approved by | Approve d of the attached Resolution will give credibility to the Village of Estero interest in this acquisition. It can also be used as the necessary financial match for Federal and State grants. | Adopted Resolution No. 2024- 07. | Approved Resolution No. 2024- 08 authorizing the Village Manager to perform various duties including accepting and authorizing CDBG -DR grants from HUD and administered by Lee County. | Approved Resolution No. 2024- 09 Excessive Force Policy.",Accepted,null,td/CS,05012024 minutes.pdf,null,null
129,1,1,2025-12-03,2025,Village of Estero Council Chambers,9:30 AM,10:21 AM,Adopted Resolution No. 2025- 27. | Adopted Resolution No. 2025- 28. | Adopted Resolution No 2025- 24 and authorize the Village Manager to execute the related Interlocal Agreement with the Lee County Property Appraiser to administer the assessment process. | Adopted Resolution No. 2025- 25 and authorize the Village Manager to execute the related Interlocal Agreement with the Lee County Property Appraiser to administer the assessment process. | Adopted Ordinance No. 2025- 16 on first reading and to schedule a second reading and | Adopted Ordinance No. 2025- 13.,Accepted,null,td/CS,12032025.pdf,null,null
50,1,1,2022-05-04,2022,Village of Estero Council Chambers,9:30 AM,10:57 AM,"Approve Misc. Contractor Services contract EC 2019- 66 STA 21 with P & T Lawn & Tractor Services for $109,872 to replace trees along US 41 and provide additional landscape maintenance work on medians 22- 24, approve a contingency fund amount of $11,000 (an amount equal to 10% of the total project cost) to cover unforeseen circumstances which may occur, and authorize the Village Manager to execu te the contract documents on behalf of the Village of Estero | Approve d Misc. Contractor Services contract EC 2019 -59 STA 08 with Cougar Contracting, LLC for $52,815 for the repair of sidewalks along Vi a Coconut Point and Williams Road, approve a contingency fund amount of $5,300 (an amount e qual to 10% of the total project cost) to cover unforeseen circumstances which may occur, and authorize the Village Manager to execute the contract documents on beha lf of the Village of Estero | Approve d Resolution No. 2022- 07 which a mends Resolution No. 2015- 68. | Passed first reading of Ordinance 2022- 02 and set second reading for May 18, 2022.",Accepted,null,td/CS,05042022 minutes.pdf,null,null
51,1,1,2025-05-21,2025,Village of Estero Council Chambers,9:30 AM,12:36 PM,"Approve d send ing notification letter and affidavit signed by Mayor to Florida Department of Commerce . | Approved the award of Contract 25035 with LandDesign, Inc. to prepare the Village of Estero Eco -Historic planning study for $430,000, approve a $43,000 contingency for additional services that may be required to complete the project, and authorize the Village Manager to sign the contract and other additional implementing documents within the scope of the contract on behalf of the Village of Estero | Approved the award of landscaping, mowing and irrigation services for Village roadways for P & T Lawn & Tractor, for an amount not to exceed $2,896,517.52 annually, approve a $200,000 Contingency for additional services that may be required to complete the project, and authorize the Village Manager to sign the purchase order and other additional implementing documents on behalf of the Village of Estero | Approve d awards of landscaping, mowing and irrigation services for Village roadways for Mainscape, Inc., in an amount not to exceed $1,432,600 annually, and to P & T Lawn & Tractor, for an amount not to exceed $581,107 annually. Vote : (Roll Call) Aye: | Approve d GMP Addendum 2 for contract EC 2024 – 12 CMAR for Wright Construction to complete the site work and utility installation for the Estero Entertainment Campus for $ 9,536,910 and authorize the Village Manager to sign the contract and other additional implementation documents within the scope of the GMP addendum on behalf of the Village of Estero",Accepted,null,td/CS,05072025.pdf,null,null
52,1,1,2015-05-08,2015,Village of Estero Council Chambers,9:30 AM,null,No action found,Accepted,null,null,05082015 minutes.pdf,null,null
53,1,1,2017-05-15,2017,Village of Estero Council Chambers,9:30 AM,null,No action found,Accepted,null,null,051517 Council Meeting Approved Minutes.pdf,null,null
54,1,1,2015-05-15,2015,Village of Estero Council Chambers,9:30 AM,null,No action found,Accepted,null,null,05152015 minutes.pdf,null,null
55,1,1,2024-06-05,2024,Village of Estero Council Chambers,9:30 AM,12:17 PM,"Approved Resolution No. 2024- 05. Vote : (Roll Call) Aye: | Approve d the Village Manager to execute the High- 5 | Approve d that Wright Construction Group is granted a Notice to Proceed on their phase 1 construction costs based on GMP#1. | Passed First Reading of Ordinance No. 2024-06 and set second reading for June 5, 2024.",Accepted,null,td/CS,05152024 minutes.pdf,null,null
56,1,1,2017-05-17,2017,Village of Estero Council Chambers,9:30 AM,null,No action found,Accepted,null,null,051717 Council Meeting Approved Minutes.pdf,null,null
57,1,1,2023-06-07,2023,Village of Estero Council Chambers,9:30 AM,null,Pass ed second reading of Ordinance No. 2023- 05. Village,Accepted,null,td/CS,05172023  minutes.pdf,null,null
58,1,1,2016-06-01,2016,Village of Estero Council Chambers,9:30 AM,null,"Adopted Ordinance No. 2016-05, amending the Commercial Planned Development Zoning Resolution No. Z-09-037, Section 2.B, as revised by including a statement that this approval is unique to this particular petition and is not to be considered a precedent in other matters. | Approved first reading of Ordinance No. 2016-06 and advanced to second reading and | Adopted Resolution No. 2016-10 establishing a Village Credit Card Account with SunTrust. | Awarded RFP 2016-01 -Village Traffic Study to Kimley-Horn and authorized the Village Manager, with the assistance of | Approved the letter of support to be sent to Office of Environmental Services Division of State Lands, Department of Environmental Protection as revised with the language suggested by Mayor Batos. | No one on the",Accepted,null,null,051816 Council Meeting Approved Minutes.pdf,null,null
59,1,1,2022-05-18,2022,Village of Estero Council Chambers,9:30 AM,null,Meeting Cancelled,Cancelled,null,null,05182022 minutes.pdf,null,null
60,1,1,2021-05-19,2021,Village of Estero Council Chambers,9:30 AM,11:44 AM,Approved the final plat.,Accepted,null,td/CS,05192021 minutes.pdf,null,null
61,1,1,2015-05-20,2015,Village of Estero Council Chambers,9:30 AM,null,No action found,Accepted,null,null,052015 Regular Meeting Minutes.pdf,null,null
62,1,1,2016-05-24,2016,Village of Estero Council Chambers,5:30 PM,7:32 PM,No action found,Accepted,null,null,052416 Council Workshop Meeting Approved Minutes.pdf,null,null
63,1,1,2021-05-26,2021,Village of Estero Council Chambers,9:30 AM,11:55 AM,Approved to permit | Approved the first reading of the ordinance and to transmit the Comprehensive Plan Amendment request to the State reviewing agencies with,Accepted,null,td/CS,05262021 minutes.pdf,null,null
64,1,1,2016-08-17,2016,Village of Estero Council Chambers,9:31 AM,10:50 AM,Approved Ordinance No. 2016-06. | Approved Ordinance No. 2016-06. | Approved first reading of Ordinance No. 2016-07 and advanced to second reading and | Adopted Resolution No. 2016-11. | Adopted Resolution No. 2016-12. | Adopted Resolution No. 2016-13.,Accepted,null,null,060116 Council Meeting Approved Minutes.pdf,null,null
65,1,1,2022-06-01,2022,Village of Estero Council Chambers,9:30 AM,null,"Approve da Joint Resolution with Lee County for participation in CDBG and related Programs, authorize Mayor to sign and forward to Lee County. | Approved t erminat ion as of June 1, 2022, CN 2020- 01 Miscellaneous Professional Services to allow for the immediate use of the firms approved under CN 2022- 06. | Approved the recommendation of t he evaluation committee to select all 36 consulting firms that submitted Letters of Interest under CN 2022- 06, for a contract period of three (3) years (with the option at | Authorize d the Village Manager to execute agreements for individual pr ojects as needed at or below $50,000 (contracts in excess of $50,000 will require Village | Passed Ordinance 2022- 03.",Accepted,null,td/CS,06012022 minutes.pdf,null,null
130,1,1,2024-12-18,2024,Village of Estero Council Chambers,9:30 AM,11:19 AM,Approved the final Sports Park Master Plan . | Approved m otion to accept the Standard & Poor’s General Obligation Bond Rating for the Village of Estero.,Accepted,null,td/CS,12042024 minutes.pdf,null,null
134,1,1,2023-12-13,2023,Village of Estero Council Chambers,9:30 AM,null,"Affirm ed the decision of the Planning Zoning & Design Board to issue the development order , including the conditions that have been set fo rth therein.",Accepted,null,td/CS,12132023 minutes.pdf,null,null
135,1,1,2015-12-16,2015,Village of Estero Council Chambers,9:30 AM,null,No action found,Accepted,null,null,121615 Regular Meeting Approved Minutes.pdf,null,null
66,1,1,2021-06-16,2021,Village of Estero Council Chambers,9:30 AM,11:26 AM,"Approved award of Supplemental Task Authorization (STA) – 04 Contract EC 2020- 42 to Bruce Howard & Associates under the Village’s Misc. Service Contract CN 2020- 01 in the amount of $60,000, approve award of Supplement al Task Authorization (STA) – 03 Contract EC 2020- 67 to RWA Engineering under the Village’s Misc. Service Contract CN 2020 -01 in the amount of $11,700, approve a contingency fund amount of $7,200 (an amount equal to 10% of the total project cost) to cover unforeseen circumstances which may occur, and authorize the Village Manager to execute the Supplemental Task Authorization and any other related ancillary documents on behalf of the Village of Estero | Approved the selection of Provion Inc. as the consultant of record under Request for Information No. RFI 2020- 02 Community Development Software Consultant and authorize the Village Manager to negotiate and execute a contract on behalf of the Village of Estero | Approved the | A uthorize d the | P assed first reading of Ordinance 2021 -04 and set second reading for June 16, 2021. | P assed first reading of Ordinance 2021 -08 and set second reading for June 16, 2021.",Accepted,null,td/CS,06022021 minutes.pdf,null,null
67,1,1,2015-06-03,2015,Village of Estero Council Chambers,9:30 AM,null,No action found,Accepted,null,null,060315 Regular Meeting Approved Minutes.pdf,null,null
68,1,1,2025-06-18,2025,Village of Estero Council Chambers,9:30 AM,7:10 PM,"Passed first reading of Ordinance No. 2025- 05 and set second reading for June 18, 2025. | Passed first reading of Ordinance No. 2025- 04 and set second reading for July 2, 2025. | Passed first reading of Ordinance No. 2025- 06 and Set | Passed first reading of Ordinance No. 2025- 08 and Set | A pproved continuance to July 2 , 2025 for Condition 10 only.",Accepted,null,td/CS,06042025.pdf,null,null
69,1,1,2024-06-19,2024,Village of Estero Council Chambers,9:30 AM,11:35 AM,"Approved the ranking of construction management firms for RFP 2024- 04 as 1- Wright Construction and a uthorize Village | Approve d the ranking of construction management firms for RFP 2024- 02 as recommended by the Village of Estero’s selection committee. 1-Manhattan Construction, 2- Wright Construction, 3- Chris Tel Construction, 4- Seagate Development Group, 5 Brooks & Freund, and authorize Village | Approve d the ranking of construction management firms for RFP 2024- 03 as recommended by the Village’s selection committee. 1 – Wright Construction, 2 – AIM Construction, 3 – Chris Tel Construction, 4 – American Infrastructure Services, and authorize Village | Passed first reading and schedule second reading for June 19, 2024. | Passed Second Reading of Ordinance No. 2024- 06.",Accepted,null,td/CS,06052024 minutes.pdf,null,null
70,1,1,2023-06-21,2023,Village of Estero Council Chambers,9:30 AM,11:24 AM,Approved Village | Approved Supplemental | Pass ed First Reading of Ordinance 2023 -04 and set | M oved Capital Improvement Hearing and Resolution 2023- 11 on to second,Accepted,null,td/CS,06072023  minutes.pdf,null,null
71,1,1,2022-06-15,2022,Village of Estero Council Chambers,9:30 AM,1:46 PM,"Approve d the contract with N. Harris Computer Corporation to provide “CityView” software for Community Development for an estimated cost of $397,379, approve a contingency fund amount of $49,153 (an amount equal to 15% of the total project cost minus annual fees) to cover unforeseen circumstances which may occur, and authorize the Village Manager to execute the contract including revisions resulting from fi nal negotiations and related documents including annual renewal (maintenance) fee on behalf of the | Approved Resolution No. 2022- 11. | Approved Resolution No. 2022- 17. Village | Passed first reading of Ordinance No. 2022- 04 and set second reading for July 6, 2022. | P assed Ordinance No. 2022- 02.",Accepted,null,td/CS,06152022 minutes.pdf,null,null
72,1,1,2015-06-17,2015,Village of Estero Council Chambers,9:30 AM,null,No action found,Accepted,null,null,061715 Regular Meeting Approved Minutes.pdf,null,null
73,3,1,2023-06-21,2023,Village of Estero Council Chambers,9:30 AM,12:40 PM,"Approved STA 02 to Contract EC 2022- 29 with Weston & Sampson to design and permit the extension of utilities to Cypress Park Circle for $311,650, approve a $31,000 contingency (10%) for additional services that may be required to complete the project, and authorize the Village Village | Approved award of Request for Bi ds No. RFB 2023- 04, 8801 Corkscrew Road Structure Demolition to Southwest Builders Inc. to demolish the structure located at 8801 Corkscrew Road at a grand total cost of $106,890, approve a contingency fund amount of $10,689 (an amount equal to 10% of t he total project cost) to cover unforeseen circumstances which may occur , and authorize the Village Manager to execute the contract documents on behalf of the Village of Estero | Approved award Contract EC 2021- 04 Amendment 5 to replace p lant materials along Estero Parkway and authorize the Village Manager to sign the contract amendment and other additional implementing documents within the scope of the contract amendment on behalf of the Village of E stero | Approved award Amendment 1 to Contract EC 2023- 21 to mulch all debris and downed trees located at 8801 Corkscrew Road for $11,886.89 and authorize the Village Manager to sign the contract amendment and other additional implementing docume nts within the scope of the contr act amendment on behalf of the Village of Estero | Approved the software as a service agreement (SaaS) for Munis ERP software between the Village of Estero and Tyler Technologies, Inc. and authorized the Vi llage Manager to execute the contract documents on behalf of the Village of Estero | Approved STA 01 to Contract EC 2022- 33 with RWA Engineering to design and permit the Estero Entertainment District for $4 85,045, subject to the consultant’s acceptance of a revised Exhibit “C” (Project Schedule) to meet the time constrain ts of the Village, to au thorize the Village Manager to sign the STA and other additional implementing documents within the scope of the STA on behalf of the Village of Estero",Accepted,null,td/CS,06212023  minutes.pdf,null,null
74,1,1,2015-06-24,2015,Village of Estero Council Chambers,9:30 AM,null,No action found,Accepted,null,null,062415 Workshop Approved Minutes.pdf,null,null
75,1,1,2015-06-26,2015,Village of Estero Council Chambers,9:30 AM,null,No action found,Accepted,null,null,062615 Special Meeting Approved Minutes.pdf,null,null
76,1,1,2015-07-01,2015,Village of Estero Council Chambers,9:30 AM,null,No action found,Accepted,null,null,070115 Regular Meeting Approved Minutes.pdf,null,null
77,1,1,2025-07-02,2025,Village of Estero Council Chambers,9:30 AM,10:50 AM,Adopt ed Resolution No. 2025-10. | Adopt ed Resolution No. 2025-11. | Passed first reading of Ordinance No. 2025-07 and set second reading and,Accepted,null,td/CS,07022025.pdf,null,null
78,1,1,2024-09-11,2024,Village of Estero Council Chambers,9:30 AM,12:08 PM,"Adopted Resolution No. 2024- 12. Vote : (Roll Call) Aye: | Adopted Resolution No. 2024- 13. | Adopted Resolution No. 2024- 15. Village | Approve d award of Invitation to Bid 100124, Disaster Debris Monitoring Services for the Village of Estero to the apparent low bidder, Disaster Program Operations, Inc. to provide on- call disaster debris monitoring services as provided in the contract for a one -year period, at the rates submitted on their bid, authorize the Village Manager to execute contract documents on behalf of the Village of Estero | Approve d award of Invitation to Bid 100224, Disaster Recovery Services for the Village of Estero to CrowderGulf Joint Venture, Inc. to provide on-call disaster recovery services as provided in the solicitation. Authorize the Village Manager to execute a contract document on behalf of the Village of Estero | Approve d EC Task Order in the amount of $188,921 for Hagerty Consulting, Inc. to assist the Village of Estero in CDBG -DR Recovery and Resiliency Planning Program Grant Management Support.",Accepted,null,td/CS,07032024 minutes.pdf,null,null
136,1,1,2026-01-21,2026,Village of Estero Council Chambers,9:30 AM,null,Meeting Cancelled,Cancelled,null,null,12172025.pdf,null,null
137,1,1,2019-01-09,2019,Village of Estero Council Chambers,9:30 AM,null,No action found,Accepted,null,null,2019-01-09 Council Meeting Approved Minutes.pdf,null,null
138,1,1,2019-01-23,2019,Village of Estero Council Chambers,9:30 AM,null,No action found,Accepted,null,null,2019-01-23 Council Meeting Approved Minutes.pdf,null,null
139,1,1,2019-01-30,2019,Village of Estero Council Chambers,9:30 AM,null,No action found,Accepted,null,null,2019-01-30 Council Meeting Approved Minutes.pdf,null,null
79,1,1,2023-07-05,2023,Village of Estero Council Chambers,9:30 AM,3:16 PM,"Adopted Resoluti on No. 2023- 12. | Approved award of Suppleme ntal Task Authorization 06 to Contract EC 2022- 38 to Johnson Engineering to provide water monitoring services for The Village of Estero for $146,340, approve a $14,600 contingency for additional services that may be required to complete the project and authorize the Village Manager to sign the STA and other additional impleme nting documents within the scope of the STA on behalf of the Village of Estero | App roved of RFB 2023- 07, Sandy Lane Path Prefabricated Bridge to Contech Engine ered Solutions, LLC to provide the bridge as provided in the contract, at a grand total cost of $239,500, approve a contingency fund amount of $23,950 (an amount equal to 10% of the total project cost) to cover unforeseen circumstances which may occur, and authorize the Village Manager to execute the contract documents on behalf of the Village of Estero | Approved the STA 1 to Contract 2022- 32 with Tetra Tech, Inc. for the preparation of an engineering assessment of the existing roads and sidewalks maintained by the Village of Estero for $256,060, approve a $25,600 contingency (10%) for additional services that may be required to complete the project, and authorize the Village Manager to sign the STA and other additional implementing documents wi thin the scope of the STA on behalf of the Village of Estero | Approv ed the Seminole Gulf Railway license agreement and approve payment of $55,233.34 to Seminole Gulf Railway to secure the license agreement and authorize the Village Manager to execute the agreement on behalf of the Vi llage | Adopted Resolution No. 2023- 14.",Accepted,null,td/CS,07052023  minutes.pdf,null,null
80,1,1,2022-07-06,2022,Village of Estero Council Chambers,9:30 AM,12:55 PM,"Approve d Comprehensive Annual Financial Report | A dopted Resolution No. 2022- 20. | Adopted Resolution No. 2022- 18. | Passed first reading of Ordinance No. 2022- 05 with the map 2A-1 and set second reading for July 20, 2022. | Approved m otion to transmit Comprehensive Plan Amendment and Ordinance No. 2022- 06 to state review agency. | Passed Ordinance No. 2022- 07 on the first reading.",Accepted,null,td/CS,07062022 minutes.pdf,null,null
81,1,1,2021-07-07,2021,Village of Estero Council Chambers,9:30 AM,11:25 AM,"M otion to permit | Approved Comprehensive Annual Financial Report. | A uthori zed the Village Manager to execute the attached three letters of engagement, or similarly priced alternatives, and other invoices related to these services. Village | A pprove d the lien mitigation request f rom Ms. Hernandez releasing any outstanding liens against the Property in exchange for payment of a reduced fine of $5,000.00 and $327.20 for administrative cost. | P assed first reading of Ordinance 2021 -09 and set second readi ng for July 21, 2021.",Accepted,null,td/CS,07072021 minute.pdf,null,null
82,1,1,2015-07-10,2015,Village of Estero Council Chambers,9:30 AM,null,No action found,Accepted,null,null,071015 Workshop Approved Minutes.pdf,null,null
83,1,1,2015-07-15,2015,Village of Estero Council Chambers,9:30 AM,null,No action found,Accepted,null,null,071515 Regular Meeting Approved Minutes.pdf,null,null
84,1,1,2022-09-08,2022,Village of Estero Council Chambers,9:30 AM,10:49 AM,"Adopted Resolution No. 2022- 21. | Adopted Resolution No. 2022- 19. | P assed second reading of Ordinance No. 2022-05 with Map 2A-1 and ordinance shall take effect immediately upon adoption, for implementation for the next regular Village",Accepted,null,td/CS,07202022 minutes.pdf,null,null
85,1,1,2015-07-22,2015,Village of Estero Council Chambers,9:30 AM,null,No action found,Accepted,null,null,072215 Workshop Approved Minutes.pdf,null,null
86,3,1,2016-06-08,2016,Village of Estero Council Chambers,9:30 AM,12:12pm,"Review proposed Budget for Fiscal Year 2020-2021 Financial Impact: The proposed budget will provide funding for the Fiscal Year 2020-2021 | Adopted Resolution No. 2020-13 | Approve Resolution 2020-12 Naming the Lee County Supervisor of Elections as the Village ofEstero's Qualifying Official and authority for the Village Manager to enter into the attached agreement with the Lee County Supervisor of Elections, which is an expansion of the existing interlocal agreement between the parties. | Approve the WCI/Lennar Transportation Impact Fee Credit Agreement between WCVLennar and the Village of Estero for the Pelican Colony Traffic Signal. Authorize the Mayor to execute this agreement on behalf of the Village ofEstero | Approved the WCI/Lennar Transportation Impact Fee Credit Agreement between WCI/Lennar and the Village ofEstero for the Pelican Colony Traffic Signal. Authorize the Mayor to execute this agreement on behalf of the Village ofEstero | Approved the Interlocal Agreement between Lee County and the Village of Estero for Corkscrew Road/Puente Lane Traffic Signal. Authorize the Mayor to execute this agreement on behalf of the Village ofEstero",Accepted,null,td/SS,07222020 Council Meeting Minutes.pdf,null,null
87,2,1,2023-07-26,2023,Village of Estero Council Chambers,9:30 AM,9:47 AM,"Adopted Agreement to Transfer Ownership, Operation and Maintenance of the T&T Water Management System and Dedication and Conveyance of Related Roads and the Supplement to Agre ement to Transfer Ownership, Operation, and Maintenance of a Portion of the T&T Water Management System and for Dedication and Conveyance of Roads. | Approved a Sovereignty Submerged Lands easement with the Florida Department of Environmental Protection for the Sunny Groves force main and authorize the Village Mayor to sign the easement and any other associated documents on behalf of the Village.",Accepted,null,td/CS,07262023 minutes.pdf,null,null
88,1,1,2015-08-10,2015,Village of Estero Council Chambers,9:30 AM,null,No action found,Accepted,null,null,081015 Regular Meeting Approved Minutes.pdf,null,null
89,1,1,2016-08-31,2016,Village of Estero Council Chambers,9:30 AM,11:55 AM,"Endorsed the revised Caloosahatchee Watershed Regional Water Management Issues White Paper, dated July 15, 2016, and authorized the Mayor to sign a letter indicating | Adopted Resolution No. 2016-23. | Approved the request for the Mayor to sign a letter of support for the Edward Byrne Memorial Justice Assistance Grant (JAG) | Approved the agreement between the Village ofEstero and LaRue Planning & Management Services, Inc. | Continued to next | Approved the agreement as amended, between the Village of Estero and Nancy Stroud of Lewis Stroud & Deutsch, PL, for continuing legal services related to land use matters, including legal assistance with the Comprehensive Plan",Accepted,null,null,081716 Council Meeting Approved Minutes.pdf,null,null
90,1,1,2023-09-07,2023,Village of Estero Council Chambers,9:30 AM,null,"Approved Resolution 2023- 20 waiving the provision of SECTION 5, NUMBER 2 .",Accepted,null,td/CS,08292023 minutes.pdf,null,null
91,1,1,2015-09-03,2015,Village of Estero Council Chambers,9:30 AM,null,No action found,Accepted,null,null,090315 Regular Meeting Approved Minutes.pdf,null,null