candidate_id,item_id,meeting_id,location_id,candidate_name,candidate_address,candidate_source,arcgis_query,evidence,review_status
1,4,1,36,8800 Corkscrew Road,"8800 Corkscrew Road, Estero, FL",address_regex,"8800 Corkscrew Road, Estero, FL","Accepted a payment of $30,000 from ProEnergy, LLC, in compromise of the Village's code enforcement lien on the owner's property at 8800 Corkscrew Road, and to authorize the Village Manager or his designee to file a release of lien once the payment has been made",Needs Geocode
2,5,1,27,Bella Terra,"Bella Terra, Estero, FL",known_location_missing_coordinates,"Bella Terra, Estero, FL","Approved Contract EC 2024-07 with Johnson Engineering, Inc. to prepare the Village Wide Traffic Study for $249,480, approve a $25,000 contingency for additional services that may be required to complete the project, authorize the Village Manager to sign the contract and other additional implementing documents within the scope of the contract on behalf of the Village of Estero Council, and authorize the Village Manager to execute an amendment to the agreement to add the locations added by council",Needs Geocode
3,19,3,22,Estero River,"Estero River, Estero, FL",known_location_missing_coordinates,"Estero River, Estero, FL","Approved Change Order #1 to Contract EC 2019-36 in the amount of $46,980 with Coastal Engineering Consultants, Inc. for additional work required to address environmental permit application questions from the Florida Department of Environmental Protection for the proposed dredging of sediments from the Estero River",Needs Geocode
4,24,4,14,Estero Parkway,"Estero Parkway, Estero, FL",known_location_missing_coordinates,"Estero Parkway, Estero, FL","Approved award of Request for Bid No. RFB 2021-01, Mowing, Landscape, and Irrigation Maintenance for the Village of Estero to P & T Lawn and Tractor Service, Inc. to provide mowing, landscape, and irrigation maintenance services Estero Parkway Landscaping as provided in the contract for a one-year period, at a rate of $358,276.00 per year. Authorized the Village Manager to renegotiate and execute the renewal of this contract for three additional one-year terms under the same terms and conditions",Needs Geocode
5,33,5,3,Estero Fire Rescue,"21500 Three Oaks Parkway, Estero, FL 33928",known_location_missing_coordinates,"21500 Three Oaks Parkway, Estero, FL 33928","No action required. 8. PUBLIC INPUT ON NON-AGENDA ITEMS: None. 9. COUNCIL COMMUNICATIONS I FUTURE AGENDA ITEMS Councilmember Ribble expressed appreciation regarding today's workshop being scheduled. Councilmember Brown expressed appreciation regarding the zip code issue being resolved. Councilmember Wilson requested that a ""Council Compensation"" workshop item be added to the February 24, 2016 workshop agenda, or as soon as possible thereafter. 10. VILLAGE ATTORNEY COMMENTS None. 11. VILLAGE MANA",Needs Geocode
6,33,5,16,Three Oaks Parkway,"Three Oaks Parkway, Estero, FL",known_location_missing_coordinates,"Three Oaks Parkway, Estero, FL","No action required. 8. PUBLIC INPUT ON NON-AGENDA ITEMS: None. 9. COUNCIL COMMUNICATIONS I FUTURE AGENDA ITEMS Councilmember Ribble expressed appreciation regarding today's workshop being scheduled. Councilmember Brown expressed appreciation regarding the zip code issue being resolved. Councilmember Wilson requested that a ""Council Compensation"" workshop item be added to the February 24, 2016 workshop agenda, or as soon as possible thereafter. 10. VILLAGE ATTORNEY COMMENTS None. 11. VILLAGE MANA",Needs Geocode
7,33,5,37,21500 Three Oaks Parkway,"21500 Three Oaks Parkway, Estero, FL",address_regex,"21500 Three Oaks Parkway, Estero, FL","No action required. 8. PUBLIC INPUT ON NON-AGENDA ITEMS: None. 9. COUNCIL COMMUNICATIONS I FUTURE AGENDA ITEMS Councilmember Ribble expressed appreciation regarding today's workshop being scheduled. Councilmember Brown expressed appreciation regarding the zip code issue being resolved. Councilmember Wilson requested that a ""Council Compensation"" workshop item be added to the February 24, 2016 workshop agenda, or as soon as possible thereafter. 10. VILLAGE ATTORNEY COMMENTS None. 11. VILLAGE MANA",Needs Geocode
8,53,10,12,Sandy Lane,"Sandy Lane, Estero, FL",known_location_missing_coordinates,"Sandy Lane, Estero, FL","Approved award of Request for Bid No. RFB 2021-04, Sandy Lane and Via Coconut Point Bridge Rehabilitation to Thomas Marine Construction, Inc. to perform the rehabilitation work at a cost of $349,851, approve a contingency fund amount of $35,000 (an amount equal to 10% of the total project cost) to cover unforeseen circumstances which may occur, and authorize the Village Manager to execute the contract documents on behalf of the Village of Estero Council",Needs Geocode
9,53,10,23,Coconut Point,"Coconut Point, Estero, FL",known_location_missing_coordinates,"Coconut Point, Estero, FL","Approved award of Request for Bid No. RFB 2021-04, Sandy Lane and Via Coconut Point Bridge Rehabilitation to Thomas Marine Construction, Inc. to perform the rehabilitation work at a cost of $349,851, approve a contingency fund amount of $35,000 (an amount equal to 10% of the total project cost) to cover unforeseen circumstances which may occur, and authorize the Village Manager to execute the contract documents on behalf of the Village of Estero Council",Needs Geocode
10,66,12,14,Estero Parkway,"Estero Parkway, Estero, FL",known_location_missing_coordinates,"Estero Parkway, Estero, FL","Approved Motion to approve award of Request for Bid No. RFB 2021-01, Mowing, Landscape, and Irrigation Maintenance for the Village of Estero to P & T Lawn and Tractor Service, Inc. to provide mowing, landscape, and irrigation maintenance services as provided in the contract for a one-year period, at a rate of $127,075.00 per year, authorize the Village Manager to renegotiate and execute the renewal of this contract for three additional one year terms under the same terms and conditions, which wo",Needs Geocode
11,66,12,17,US 41 / Tamiami Trail,"US 41, Estero, FL",known_location_missing_coordinates,"US 41, Estero, FL","Approved Motion to approve award of Request for Bid No. RFB 2021-01, Mowing, Landscape, and Irrigation Maintenance for the Village of Estero to P & T Lawn and Tractor Service, Inc. to provide mowing, landscape, and irrigation maintenance services as provided in the contract for a one-year period, at a rate of $127,075.00 per year, authorize the Village Manager to renegotiate and execute the renewal of this contract for three additional one year terms under the same terms and conditions, which wo",Needs Geocode
12,78,14,12,Sandy Lane,"Sandy Lane, Estero, FL",known_location_missing_coordinates,"Sandy Lane, Estero, FL","Approved EC 2024-09 in the amount of $490,560.65 for HighSpans Engineering, Inc. to provide construction engineering and inspection services for the Sandy Lake Bike/Ped Improvements, approve a $49,000 contingency for additional services that may be required to complete the project, and authorize the Village Manager to sign the contract and other additional implementing documents within the scope of the contract on behalf of the Village of Estero Council, and to approve and execute and subsequent",Needs Geocode
13,80,14,16,Three Oaks Parkway,"Three Oaks Parkway, Estero, FL",known_location_missing_coordinates,"Three Oaks Parkway, Estero, FL",Approved Agreement of Purchase and Sale Agreement for the purchase of 20897 Three Oaks Parkway,Needs Geocode
14,80,14,38,20897 Three Oaks Parkway,"20897 Three Oaks Parkway, Estero, FL",address_regex,"20897 Three Oaks Parkway, Estero, FL",Approved Agreement of Purchase and Sale Agreement for the purchase of 20897 Three Oaks Parkway,Needs Geocode
15,109,19,12,Sandy Lane,"Sandy Lane, Estero, FL",known_location_missing_coordinates,"Sandy Lane, Estero, FL","Approved the consultants ranking for Sandy Lane and Broadway East Bicycle/Pedestrian Improvements Project as follows: Number 1 - Atkins North America, Inc.; Number 2 - CW3 Engineering, Inc.; Number 3 - Kimley-Horn and Associates, Inc.; Number 4 - Q. Grady Minor & Associates, P.A., and authorize staff to negotiate a contract with the Number 1 ranked firm, Atkins North America, Inc. to provide professional consulting services for the Sandy Lane and Broadway East Bicycle/Pedestrian Improvements Pro",Needs Geocode
16,110,19,11,Broadway Avenue West UEP,"Broadway Avenue West, Estero, FL",known_location_missing_coordinates,"Broadway Avenue West, Estero, FL","Approved the consultants ranking for Broadway Avenue West Utilities Extension Project (UEP) as follows: Number 1 - Johnson Engineering, Inc.; Number 2 - Tetra Tech, Inc.; Number 3 - CW3 Engineering, Inc.; Number 4 - JR Evans Engineering, P.A., and authorize staff to negotiate a contract with the Number 1 ranked firm, Johnson Engineering, Inc. to provide professional consulting services for the Broadway Avenue West Utilities Extension Project (UEP)",Needs Geocode
17,110,19,19,Broadway Avenue,"Broadway Avenue, Estero, FL",known_location_missing_coordinates,"Broadway Avenue, Estero, FL","Approved the consultants ranking for Broadway Avenue West Utilities Extension Project (UEP) as follows: Number 1 - Johnson Engineering, Inc.; Number 2 - Tetra Tech, Inc.; Number 3 - CW3 Engineering, Inc.; Number 4 - JR Evans Engineering, P.A., and authorize staff to negotiate a contract with the Number 1 ranked firm, Johnson Engineering, Inc. to provide professional consulting services for the Broadway Avenue West Utilities Extension Project (UEP)",Needs Geocode
18,111,19,19,Broadway Avenue,"Broadway Avenue, Estero, FL",known_location_missing_coordinates,"Broadway Avenue, Estero, FL","Approved the consultants ranking for Broadway Avenue East Utilities Extension Project (UEP) as follows: Number 1 - Tetra Tech, Inc.; Number 2 - Johnson Engineering, Inc.; Number 3 - CW3 Engineering, Inc.; Number 4 - JR Evans Engineering, P.A., and authorize staff to negotiate a contract with the Number 1 ranked firm, Tetra Tech, Inc. to provide professional consulting services for the Broadway Avenue East Utilities Extension Project (UEP)",Needs Geocode
19,120,21,12,Sandy Lane,"Sandy Lane, Estero, FL",known_location_missing_coordinates,"Sandy Lane, Estero, FL","Approved EC 2024-06 STA -02 in the amount of $47,200 for Florida Acquisition & Appraisal Inc. to provide easement acquisition services for the Sandy Lane Bike/Ped Improvements Project, approve a $4,700 contingency for additional services that may be required to complete the project, and authorize the Village Manager to sign the contract and other additional implementing documents within the scope of the contract on behalf of the Village of Estero Council, and to approve and execute any subsequen",Needs Geocode
20,121,21,20,River Ranch Road,"River Ranch Road, Estero, FL",known_location_missing_coordinates,"River Ranch Road, Estero, FL","Approved EC 2024-06 STA-03 in the amount of $200,600 for Florida Acquisition & Appraisal Inc. to provide easement acquisition services for the River Ranch Road Improvements Project, approve a $20,000 contingency for additional services that may be required to complete the project, and authorize the Village Manager to sign the contract and other additional implementing documents within the scope of the contract on behalf of the Village of Estero Council, and to approve and execute any subsequent ",Needs Geocode
21,122,21,13,Williams Road,"Williams Road, Estero, FL",known_location_missing_coordinates,"Williams Road, Estero, FL","Approved EC 2019-66 STA-42 in the amount of $236,405 for P & T Lawn & Tractor Services, Inc. to install landscaping along US 41 from Williams Road to south of Estero Parkway, approve a $23,000 contingency for additional services that may be required to complete the project, and authorize the Village Manager to sign the contract and other additional implementing documents within the scope of the contract on behalf of the Village of Estero Council, and to approve and execute any subsequent amendme",Needs Geocode
22,122,21,14,Estero Parkway,"Estero Parkway, Estero, FL",known_location_missing_coordinates,"Estero Parkway, Estero, FL","Approved EC 2019-66 STA-42 in the amount of $236,405 for P & T Lawn & Tractor Services, Inc. to install landscaping along US 41 from Williams Road to south of Estero Parkway, approve a $23,000 contingency for additional services that may be required to complete the project, and authorize the Village Manager to sign the contract and other additional implementing documents within the scope of the contract on behalf of the Village of Estero Council, and to approve and execute any subsequent amendme",Needs Geocode
23,122,21,17,US 41 / Tamiami Trail,"US 41, Estero, FL",known_location_missing_coordinates,"US 41, Estero, FL","Approved EC 2019-66 STA-42 in the amount of $236,405 for P & T Lawn & Tractor Services, Inc. to install landscaping along US 41 from Williams Road to south of Estero Parkway, approve a $23,000 contingency for additional services that may be required to complete the project, and authorize the Village Manager to sign the contract and other additional implementing documents within the scope of the contract on behalf of the Village of Estero Council, and to approve and execute any subsequent amendme",Needs Geocode
24,175,31,3,Estero Fire Rescue,"21500 Three Oaks Parkway, Estero, FL 33928",known_location_missing_coordinates,"21500 Three Oaks Parkway, Estero, FL 33928","APPROVED BY COUNCIL MARCH 15, 2017 FINAL ACTION AGENDA/MINUTES Village of Estero and City of Bonita Springs Joint Workshop Estero Fire Rescue 21500 Three Oaks Parkway Estero, FL 33928 February 28, 2017 10:00 a.m. 1. CALL TO ORDER AND WELCOME: 10:00 a.m. - Mayors Batos and Simmons 2. PLEDGE OF ALLEGIANCE: Led by Mayor Simmons. 3. ROLL CALL: Present - Village ofEstero: Mayor Nick Batos - District 6, Vice Mayor Howard Levitan - District 2, Councilmember Bill Ribble - District 1, Councilmember Donal",Needs Geocode
25,175,31,16,Three Oaks Parkway,"Three Oaks Parkway, Estero, FL",known_location_missing_coordinates,"Three Oaks Parkway, Estero, FL","APPROVED BY COUNCIL MARCH 15, 2017 FINAL ACTION AGENDA/MINUTES Village of Estero and City of Bonita Springs Joint Workshop Estero Fire Rescue 21500 Three Oaks Parkway Estero, FL 33928 February 28, 2017 10:00 a.m. 1. CALL TO ORDER AND WELCOME: 10:00 a.m. - Mayors Batos and Simmons 2. PLEDGE OF ALLEGIANCE: Led by Mayor Simmons. 3. ROLL CALL: Present - Village ofEstero: Mayor Nick Batos - District 6, Vice Mayor Howard Levitan - District 2, Councilmember Bill Ribble - District 1, Councilmember Donal",Needs Geocode
26,175,31,37,21500 Three Oaks Parkway,"21500 Three Oaks Parkway, Estero, FL",address_regex,"21500 Three Oaks Parkway, Estero, FL","APPROVED BY COUNCIL MARCH 15, 2017 FINAL ACTION AGENDA/MINUTES Village of Estero and City of Bonita Springs Joint Workshop Estero Fire Rescue 21500 Three Oaks Parkway Estero, FL 33928 February 28, 2017 10:00 a.m. 1. CALL TO ORDER AND WELCOME: 10:00 a.m. - Mayors Batos and Simmons 2. PLEDGE OF ALLEGIANCE: Led by Mayor Simmons. 3. ROLL CALL: Present - Village ofEstero: Mayor Nick Batos - District 6, Vice Mayor Howard Levitan - District 2, Councilmember Bill Ribble - District 1, Councilmember Donal",Needs Geocode
27,181,32,13,Williams Road,"Williams Road, Estero, FL",known_location_missing_coordinates,"Williams Road, Estero, FL","Approved the Williams Road Bicycle and Pedestrian Improvements - Concept Design contract with Banks Engineering under Supplemental Task Authorization (STA) - 01 Contract EC 2020-56 Miscellaneous Professional Services to perform a suite of design services for the Bicycle & Pedestrian improvements along Williams Road, between US 41 and Three Oaks Parkway, approve a 10% contingency for additional services that may be required to complete the project, and authorize the Village Manger to sign the STA",Needs Geocode
28,181,32,16,Three Oaks Parkway,"Three Oaks Parkway, Estero, FL",known_location_missing_coordinates,"Three Oaks Parkway, Estero, FL","Approved the Williams Road Bicycle and Pedestrian Improvements - Concept Design contract with Banks Engineering under Supplemental Task Authorization (STA) - 01 Contract EC 2020-56 Miscellaneous Professional Services to perform a suite of design services for the Bicycle & Pedestrian improvements along Williams Road, between US 41 and Three Oaks Parkway, approve a 10% contingency for additional services that may be required to complete the project, and authorize the Village Manger to sign the STA",Needs Geocode
29,181,32,17,US 41 / Tamiami Trail,"US 41, Estero, FL",known_location_missing_coordinates,"US 41, Estero, FL","Approved the Williams Road Bicycle and Pedestrian Improvements - Concept Design contract with Banks Engineering under Supplemental Task Authorization (STA) - 01 Contract EC 2020-56 Miscellaneous Professional Services to perform a suite of design services for the Bicycle & Pedestrian improvements along Williams Road, between US 41 and Three Oaks Parkway, approve a 10% contingency for additional services that may be required to complete the project, and authorize the Village Manger to sign the STA",Needs Geocode
30,182,32,14,Estero Parkway,"Estero Parkway, Estero, FL",known_location_missing_coordinates,"Estero Parkway, Estero, FL","Approved Ben Hill Griffin Parkway Preliminary Landscape Design contracts with Bruce Howard and Associates under EC2020-42 and RWA Engineering under EC2020-67 to perform a suite of design services for the proposed landscape improvements along Ben Hill Griffin Parkway from Corkscrew Road to Estero Parkway, approve a 10% contingency for additional services that may be required to complete the project, and Authorize the Village Manager to sign the Supplemental Task Authorization (STA) and other addi",Needs Geocode
31,182,32,15,Ben Hill Griffin Parkway,"Ben Hill Griffin Parkway, Estero, FL",known_location_missing_coordinates,"Ben Hill Griffin Parkway, Estero, FL","Approved Ben Hill Griffin Parkway Preliminary Landscape Design contracts with Bruce Howard and Associates under EC2020-42 and RWA Engineering under EC2020-67 to perform a suite of design services for the proposed landscape improvements along Ben Hill Griffin Parkway from Corkscrew Road to Estero Parkway, approve a 10% contingency for additional services that may be required to complete the project, and Authorize the Village Manager to sign the Supplemental Task Authorization (STA) and other addi",Needs Geocode
32,190,34,17,US 41 / Tamiami Trail,"US 41, Estero, FL",known_location_missing_coordinates,"US 41, Estero, FL","Approves Supplemental Task Authorization (STA)-34 under contract EC 2019-06 to P & T Lawn and Tractor Service, Inc. to construct and install a monument sign on US 41 at a total cost of $69,968, approve a contingency fund amount of $7,000 (an amount equal to 10% of the total project cost) to cover unforeseen circumstances which may occur, and authorize the Village Manager to execute the STA on behalf of the Village of Estero Council",Needs Geocode
33,201,37,21,River Oaks Preserve,"River Oaks Preserve, Estero, FL",known_location_missing_coordinates,"River Oaks Preserve, Estero, FL",Approved Estero River North Branch Drainage Improvements contract with JR Evans Engineering under Supplemental Task Authorization (STA) - 03 Contract EC 2020-30 Miscellaneous Professional Services to perform a suite of design services for drainage improvements along the North Branch of the Estero River from Bamboo Island to River Oaks Preserve. Approve a 10% contingency for additional services that may be required to complete the project. Authorize the Village Manager to sign the STA and other a,Needs Geocode
34,201,37,22,Estero River,"Estero River, Estero, FL",known_location_missing_coordinates,"Estero River, Estero, FL",Approved Estero River North Branch Drainage Improvements contract with JR Evans Engineering under Supplemental Task Authorization (STA) - 03 Contract EC 2020-30 Miscellaneous Professional Services to perform a suite of design services for drainage improvements along the North Branch of the Estero River from Bamboo Island to River Oaks Preserve. Approve a 10% contingency for additional services that may be required to complete the project. Authorize the Village Manager to sign the STA and other a,Needs Geocode
35,213,41,39,9401 Corkscrew Palms Circle,"9401 Corkscrew Palms Circle, Estero, FL",address_regex,"9401 Corkscrew Palms Circle, Estero, FL","APPROVED BY COUNCIL MARCH 20, 2024 VILLAGE COUNCIL REGULAR MEETING Village of Estero Council Chambers 9401 Corkscrew Palms Circle Estero, FL 33928 March 13, 2024 9:30 a.m. 1. CALL TO ORDER INVOCATION Led by Councilmember Fiesel PLEDGE OF ALLEGIANCE Led by Councilmember Lopez ROLL CALL Present: Mayor Jon McLain - District 3, Vice Mayor Joanne Ribble - District 1, Councilmember Larry Fiesel - District 2, Councilmember Lori Fayhee - District 4, Councilmember Rafael Lopez - District 5, Councilmember",Needs Geocode
36,227,44,17,US 41 / Tamiami Trail,"US 41, Estero, FL",known_location_missing_coordinates,"US 41, Estero, FL","Approved initiation of a rezoning and Comprehensive Plan Amendment for property south of Estero River, East of US 41 and north of Corkscrew Road",Needs Geocode
37,227,44,22,Estero River,"Estero River, Estero, FL",known_location_missing_coordinates,"Estero River, Estero, FL","Approved initiation of a rezoning and Comprehensive Plan Amendment for property south of Estero River, East of US 41 and north of Corkscrew Road",Needs Geocode
38,228,44,19,Broadway Avenue,"Broadway Avenue, Estero, FL",known_location_missing_coordinates,"Broadway Avenue, Estero, FL","Approved the purchase of the 10-acre vacant parcel, commonly known as ""River Oaks"" at the east end of Broadway Avenue",Needs Geocode
39,228,44,21,River Oaks Preserve,"River Oaks Preserve, Estero, FL",known_location_missing_coordinates,"River Oaks Preserve, Estero, FL","Approved the purchase of the 10-acre vacant parcel, commonly known as ""River Oaks"" at the east end of Broadway Avenue",Needs Geocode
40,230,44,12,Sandy Lane,"Sandy Lane, Estero, FL",known_location_missing_coordinates,"Sandy Lane, Estero, FL","Approved the contract with Atkins North America to provide design and permitting services for the Sandy Lane and Broadway East Bicycle/Pedestrian Improvements Project in the amount of $671,513.25, approve a contingency fund amount of $67,000 (an amount equal to 10% of the total project cost) to cover unforeseen circumstances which may occur, and authorize the Village Manager to execute the contract with Atkins North America and any other related ancillary documents on behalf of the Village Counc",Needs Geocode
41,232,45,3,Estero Fire Rescue,"21500 Three Oaks Parkway, Estero, FL 33928",known_location_missing_coordinates,"21500 Three Oaks Parkway, Estero, FL 33928","APPROVED MINUTES FOR VILLAGE OF ES TERO 3/17/2015 MEETING---------- 4 came forward. He then requested a motion to approve a resolution to approve an interlocal agreement with the EFRD for the rental of office space. Ms. Errington so moved, seconded by Mr. Boesch. After Mr. Wilson remarked that the proposal was a tribute to government ""lite"", the motion was called and carried unanimously. RESOLUTION NO. 2015-10 9(H) DISCUSSION/RESOLUTION - A discussion and proposed resolution establishing tempora",Needs Geocode
42,232,45,16,Three Oaks Parkway,"Three Oaks Parkway, Estero, FL",known_location_missing_coordinates,"Three Oaks Parkway, Estero, FL","APPROVED MINUTES FOR VILLAGE OF ES TERO 3/17/2015 MEETING---------- 4 came forward. He then requested a motion to approve a resolution to approve an interlocal agreement with the EFRD for the rental of office space. Ms. Errington so moved, seconded by Mr. Boesch. After Mr. Wilson remarked that the proposal was a tribute to government ""lite"", the motion was called and carried unanimously. RESOLUTION NO. 2015-10 9(H) DISCUSSION/RESOLUTION - A discussion and proposed resolution establishing tempora",Needs Geocode
43,232,45,37,21500 Three Oaks Parkway,"21500 Three Oaks Parkway, Estero, FL",address_regex,"21500 Three Oaks Parkway, Estero, FL","APPROVED MINUTES FOR VILLAGE OF ES TERO 3/17/2015 MEETING---------- 4 came forward. He then requested a motion to approve a resolution to approve an interlocal agreement with the EFRD for the rental of office space. Ms. Errington so moved, seconded by Mr. Boesch. After Mr. Wilson remarked that the proposal was a tribute to government ""lite"", the motion was called and carried unanimously. RESOLUTION NO. 2015-10 9(H) DISCUSSION/RESOLUTION - A discussion and proposed resolution establishing tempora",Needs Geocode
44,255,50,14,Estero Parkway,"Estero Parkway, Estero, FL",known_location_missing_coordinates,"Estero Parkway, Estero, FL","Authorized the Village Manager to submit a letter to Lee County requesting support for traffic control for Bella Terra and Corkscrew Road, the sidewalk project on Estero Parkway, and resurfacing Estero Parkway",Needs Geocode
45,255,50,27,Bella Terra,"Bella Terra, Estero, FL",known_location_missing_coordinates,"Bella Terra, Estero, FL","Authorized the Village Manager to submit a letter to Lee County requesting support for traffic control for Bella Terra and Corkscrew Road, the sidewalk project on Estero Parkway, and resurfacing Estero Parkway",Needs Geocode
46,278,55,14,Estero Parkway,"Estero Parkway, Estero, FL",known_location_missing_coordinates,"Estero Parkway, Estero, FL","Approved EC 2021-04 Amendment-06 in the amount of $23,466 with P&T Lawn and Tractor to replace trees and shrubs along Estero Parkway and authorize the Village Manager to sign the contract and other additional implementing documents within the scope of the contract on behalf of the Village of Estero Council",Needs Geocode
47,304,60,19,Broadway Avenue,"Broadway Avenue, Estero, FL",known_location_missing_coordinates,"Broadway Avenue, Estero, FL","Approved Resolution No. 2022-05 to purchase the 10-acre vacant parcel, commonly known as ""River Oaks"" at the east end of Broadway Avenue",Needs Geocode
48,304,60,21,River Oaks Preserve,"River Oaks Preserve, Estero, FL",known_location_missing_coordinates,"River Oaks Preserve, Estero, FL","Approved Resolution No. 2022-05 to purchase the 10-acre vacant parcel, commonly known as ""River Oaks"" at the east end of Broadway Avenue",Needs Geocode
49,305,60,13,Williams Road,"Williams Road, Estero, FL",known_location_missing_coordinates,"Williams Road, Estero, FL","Approved Resolution No. 2022-06 Commercial Contract for the Purchase of Real Estate from Gess Family Partnership + Gulf Coast Driving Range LLC, Located at 9000 Williams Road, Estero, Florida",Needs Geocode
50,305,60,40,9000 Williams Road,"9000 Williams Road, Estero, FL",address_regex,"9000 Williams Road, Estero, FL","Approved Resolution No. 2022-06 Commercial Contract for the Purchase of Real Estate from Gess Family Partnership + Gulf Coast Driving Range LLC, Located at 9000 Williams Road, Estero, Florida",Needs Geocode
51,312,62,17,US 41 / Tamiami Trail,"US 41, Estero, FL",known_location_missing_coordinates,"US 41, Estero, FL","Approved award of Request for Bids No. RFB 2021-02, US 41 Landscape Improvements Broadway East to Vintage Parkway and Coconut Road to Fountain Lakes Boulevard to P & T Lawn and Tractor Service, Inc. at a Grand Total Cost of $118,075, approve a contingency fund amount of $11,800 (an amount equal to 10% of the total project cost) to cover unforeseen circumstances which may occur, and authorize the Village Manager to execute the contract and any other related ancillary documents on behalf of the Vi",Needs Geocode
52,312,62,18,Coconut Road,"Coconut Road, Estero, FL",known_location_missing_coordinates,"Coconut Road, Estero, FL","Approved award of Request for Bids No. RFB 2021-02, US 41 Landscape Improvements Broadway East to Vintage Parkway and Coconut Road to Fountain Lakes Boulevard to P & T Lawn and Tractor Service, Inc. at a Grand Total Cost of $118,075, approve a contingency fund amount of $11,800 (an amount equal to 10% of the total project cost) to cover unforeseen circumstances which may occur, and authorize the Village Manager to execute the contract and any other related ancillary documents on behalf of the Vi",Needs Geocode
53,327,66,13,Williams Road,"Williams Road, Estero, FL",known_location_missing_coordinates,"Williams Road, Estero, FL","approved in Item 5(G); and that a revised Map ""B"" had been circulated on April 14, 2015. Following brief Council discussion as to whether it would be appropriate to include the revised map in today's action, Special Zoning Counsel Nancy Stroud provided a detailed explanation of the purpose, requirements and limitations of ""Zoning in Progress"". She also addressed concerns and misconceptions contained in letters from residents, developers and landowners. Vice-Mayor Levitan offered comments regardi",Needs Geocode
54,327,66,14,Estero Parkway,"Estero Parkway, Estero, FL",known_location_missing_coordinates,"Estero Parkway, Estero, FL","approved in Item 5(G); and that a revised Map ""B"" had been circulated on April 14, 2015. Following brief Council discussion as to whether it would be appropriate to include the revised map in today's action, Special Zoning Counsel Nancy Stroud provided a detailed explanation of the purpose, requirements and limitations of ""Zoning in Progress"". She also addressed concerns and misconceptions contained in letters from residents, developers and landowners. Vice-Mayor Levitan offered comments regardi",Needs Geocode
55,332,67,12,Sandy Lane,"Sandy Lane, Estero, FL",known_location_missing_coordinates,"Sandy Lane, Estero, FL","Approved the Assignment and Amendment of the License Agreement for Sandy Lane Right of Way Occupation, Drainage Pipe Construction and Maintenance agreement with Seminole Gulf Railway and authorize the Village Manager to execute the agreement on behalf of the Village Council",Needs Geocode
56,344,69,14,Estero Parkway,"Estero Parkway, Estero, FL",known_location_missing_coordinates,"Estero Parkway, Estero, FL","Approved the award of Supplemental Task authorization 04 to Contract EC 2023-38 to Johnson Engineering, Inc. for the Phase 1 Estero Parkway Reuse Main Design, Permit and Grant Funding Assistance at a cost of $89,858.00, approve a $9,000 contingency (10%) for additional services that may be required to complete the project, and authorize the Village Manager to sign the STA and other additional implementing documents within the scope of the STA on behalf of the Village of Estero Council",Needs Geocode
57,345,69,13,Williams Road,"Williams Road, Estero, FL",known_location_missing_coordinates,"Williams Road, Estero, FL","Approved the consultants ranking for Williams Road Widening Preliminary Design and Engineering Project as follows: Number 1 - Kisinger Campo & Associates; Number 2 - Q. Grady Minor & Associates; Number 3 - Kimley-Horn and Associates, authorize staff to negotiate a contract with the Number 1 ranked firm, Kisinger Campo & Associates, to provide professional consulting services for the Williams Road Widening Preliminary Design and Engineering Project",Needs Geocode
58,353,71,19,Broadway Avenue,"Broadway Avenue, Estero, FL",known_location_missing_coordinates,"Broadway Avenue, Estero, FL","Adopted Resolution No. 2022-08 to purchase the 10-acre vacant parcel, commonly known as ""River Oaks"" at the east end of Broadway Avenue",Needs Geocode
59,353,71,21,River Oaks Preserve,"River Oaks Preserve, Estero, FL",known_location_missing_coordinates,"River Oaks Preserve, Estero, FL","Adopted Resolution No. 2022-08 to purchase the 10-acre vacant parcel, commonly known as ""River Oaks"" at the east end of Broadway Avenue",Needs Geocode
60,355,71,13,Williams Road,"Williams Road, Estero, FL",known_location_missing_coordinates,"Williams Road, Estero, FL","Approved the contract EC 2020-48 STA 10 with CW3 Engineering to provide design and permitting services for the Williams Road Bicycle/Pedestrian Improvements Project in the amount of $358,790, approve a contingency fund amount of $36,000 (an amount equal to 10% of the total project cost) to cover unforeseen circumstances which may occur, and authorize the Village Manager to execute the contract with CW3 Engineering and any other related ancillary documents on behalf of the Village Council",Needs Geocode
61,356,71,14,Estero Parkway,"Estero Parkway, Estero, FL",known_location_missing_coordinates,"Estero Parkway, Estero, FL",Approved Ben Hill Griffin Parkway Improvements contracts with Bruce Howard and Associates under EC2020-42 STA - 07 and CW3 Engineering under EC2020-48 STA - 09 to perform landscape architecture and engineering services for the proposed improvements along Ben Hill Griffin Parkway from Corkscrew Road to Estero Parkway,Needs Geocode
62,356,71,15,Ben Hill Griffin Parkway,"Ben Hill Griffin Parkway, Estero, FL",known_location_missing_coordinates,"Ben Hill Griffin Parkway, Estero, FL",Approved Ben Hill Griffin Parkway Improvements contracts with Bruce Howard and Associates under EC2020-42 STA - 07 and CW3 Engineering under EC2020-48 STA - 09 to perform landscape architecture and engineering services for the proposed improvements along Ben Hill Griffin Parkway from Corkscrew Road to Estero Parkway,Needs Geocode
63,364,73,41,10611 Chevrolet Way,"10611 Chevrolet Way, Estero, FL",address_regex,"10611 Chevrolet Way, Estero, FL","APPROVED BY COUNCIL MAY 17, 2017 FINAL ACTION AGENDA/MINUTES Hampton Inn & Suites, Arena Room 10611 Chevrolet Way Estero, FL 33928 Village Council Organizational Business Meeting April 24, 2017 8:30 a.m. 1. CALL TO ORDER AND ROLL CALL: Mayor Boesch called the meeting to order at 9:00 a.m. Roll Call: Present: Mayor Jim Boesch - District 5, Vice Mayor Bill Ribble, District 1, Councilmember Howard Levitan - District 2, Councilmember Katy Errington - District 4, Councilmember Nick Batos - District 6",Needs Geocode
64,368,75,13,Williams Road,"Williams Road, Estero, FL",known_location_missing_coordinates,"Williams Road, Estero, FL","Approved Construction Manager at Risk agreement between Village of Estero and Manhattan Construction, Inc. for Williams Road and Atlantic Gulf Blvd Intersection Project and to authorize the Village Manager to execute the agreement and any related documents or amendments as may be necessary, except for the Guaranteed Maximum Price amendment, which will be approved by Council, at a later date",Needs Geocode
65,369,75,12,Sandy Lane,"Sandy Lane, Estero, FL",known_location_missing_coordinates,"Sandy Lane, Estero, FL","Approved Construction Manager at Risk agreement between Village of Estero and Chris-Tel Construction, Inc. for the Sandy Lane Bike/Ped Improvements Project and to authorize the Village Manager to execute the agreement with an effective date of July 1, 2024 and any related documents or amendments as may be necessary, except for the Guaranteed Maximum Price amendment, which will be approved by Council, at a later date",Needs Geocode
66,394,79,17,US 41 / Tamiami Trail,"US 41, Estero, FL",known_location_missing_coordinates,"US 41, Estero, FL","Approve Misc. Contractor Services contract EC 2019-66 STA 21 with P & T Lawn & Tractor Services for $109,872 to replace trees along US 41 and provide additional landscape maintenance work on medians 22-24, approve a contingency fund amount of $11,000 (an amount equal to 10% of the total project cost) to cover unforeseen circumstances which may occur, and authorize the Village Manager to execute the contract documents on behalf of the Village of Estero Council",Needs Geocode
67,395,79,13,Williams Road,"Williams Road, Estero, FL",known_location_missing_coordinates,"Williams Road, Estero, FL","Approved Misc. Contractor Services contract EC 2019-59 STA 08 with Cougar Contracting, LLC for $52,815 for the repair of sidewalks along Via Coconut Point and Williams Road, approve a contingency fund amount of $5,300 (an amount equal to 10% of the total project cost) to cover unforeseen circumstances which may occur, and authorize the Village Manager to execute the contract documents on behalf of the Village of Estero Council",Needs Geocode
68,395,79,23,Coconut Point,"Coconut Point, Estero, FL",known_location_missing_coordinates,"Coconut Point, Estero, FL","Approved Misc. Contractor Services contract EC 2019-59 STA 08 with Cougar Contracting, LLC for $52,815 for the repair of sidewalks along Via Coconut Point and Williams Road, approve a contingency fund amount of $5,300 (an amount equal to 10% of the total project cost) to cover unforeseen circumstances which may occur, and authorize the Village Manager to execute the contract documents on behalf of the Village of Estero Council",Needs Geocode
69,400,80,18,Coconut Road,"Coconut Road, Estero, FL",known_location_missing_coordinates,"Coconut Road, Estero, FL","Approved the acceptance of North Commons Drive from Coconut Road to Pelican Colony Boulevard for maintenance as a Village-maintained road, issue impact fee credits in the amount of $325,000 upon acceptance of the road, and approve Resolution No. 2021-11 as modified to include landscaping, and revision to the end of Section 2 to add language ""including a letter issuing impact fee credits""",Needs Geocode
70,448,89,28,Stoneybrook,"Stoneybrook, Estero, FL",known_location_missing_coordinates,"Stoneybrook, Estero, FL","Approved Misc. Contractor Services contract EC 2019-06 STA 07 with Cougar Contractor Services for $313,468 for the construction of a pathway on the south side of Corkscrew Road from Stoneybrook Golf Blvd. to the Stoneybrook Golf Drive right turn lane, approve a contingency fund amount of $31,300 (an amount equal to 10% of the total project cost) to cover unforeseen circumstances which may occur, and authorize the Village Manager to execute the contract documents on behalf of the Village of Ester",Needs Geocode
71,449,89,28,Stoneybrook,"Stoneybrook, Estero, FL",known_location_missing_coordinates,"Stoneybrook, Estero, FL","Approved Misc. Professional Services contract EC 2020-07 STA 02 with AIM Engineering and Surveying for $42,211.13 for CEI service on the Corkscrew Road Stoneybrook path construction, approve a contingency fund amount of $4,200 (an amount equal to 10% of the total project cost) to cover unforeseen circumstances which may occur, and authorize the Village Manager to execute the contract documents on behalf of the Village of Estero Council",Needs Geocode
72,450,89,11,Broadway Avenue West UEP,"Broadway Avenue West, Estero, FL",known_location_missing_coordinates,"Broadway Avenue West, Estero, FL","Approved the contract with Johnson Engineering, Inc. to provide design and permitting services Broadway Ave. West UEP in the amount of $1,060,763, approve a contingency fund amount of $106,000 (an amount equal to 10% of the total project cost) to cover unforeseen circumstances which may occur, and authorize the Village Manager to execute the contract with Johnson Engineering, Inc., and any other related ancillary documents on behalf of the Village Council",Needs Geocode
73,468,93,2,Legacy Church,"21115 Design Parc Lane, Estero, FL 33928",known_location_missing_coordinates,"21115 Design Parc Lane, Estero, FL 33928","APPROVED BY COUNCIL JULY 6,2016 FINAL ACTION AGENDA/MINUTES 1. Call to Order: 5:30 p.m. Village of Estero Village Council Workshop Held at Legacy Church 21115 Design Pare Lane Estero, FL 33928 May 24, 2016 5:30 p.m. 2. Pledge of Allegiance: Led by Mayor Batos. 3. Invocation: Offered by Pastor Nolen Rollins. 4. Roll Call: Present: Mayor Nick Batos - District 6, Vice Mayor Howard Levitan - District 2, Councilmember Bill Ribble, District 1, Councilmember Katy Errington - District 4, Councilmember J",Needs Geocode
74,468,93,42,21115 Design Parc Lane,"21115 Design Parc Lane, Estero, FL",address_regex,"21115 Design Parc Lane, Estero, FL","APPROVED BY COUNCIL JULY 6,2016 FINAL ACTION AGENDA/MINUTES 1. Call to Order: 5:30 p.m. Village of Estero Village Council Workshop Held at Legacy Church 21115 Design Pare Lane Estero, FL 33928 May 24, 2016 5:30 p.m. 2. Pledge of Allegiance: Led by Mayor Batos. 3. Invocation: Offered by Pastor Nolen Rollins. 4. Roll Call: Present: Mayor Nick Batos - District 6, Vice Mayor Howard Levitan - District 2, Councilmember Bill Ribble, District 1, Councilmember Katy Errington - District 4, Councilmember J",Needs Geocode
75,556,110,21,River Oaks Preserve,"River Oaks Preserve, Estero, FL",known_location_missing_coordinates,"River Oaks Preserve, Estero, FL","Approved the award of Contract 25031 with Chris Tel Construction to provide construction manager as risk services for the River Oaks Preserve Project, approve pre-construction services as described in the contract for $346,926, approve a $35,000 contingency for additional services that may be required to complete preconstruction services, and authorize the Village Manager to sign the contract and other additional implementing documents within the scope of the contract on behalf of the Village of",Needs Geocode
76,575,112,14,Estero Parkway,"Estero Parkway, Estero, FL",known_location_missing_coordinates,"Estero Parkway, Estero, FL","Approved release of CN 2017-01, which solicits proposals for the Estero Parkway Roadway and Landscape Design",Needs Geocode
77,584,113,43,8801 Corkscrew Road,"8801 Corkscrew Road, Estero, FL",address_regex,"8801 Corkscrew Road, Estero, FL","Approved award of Request for Bids No. RFB 2023-04, 8801 Corkscrew Road Structure Demolition to Southwest Builders Inc. to demolish the structure located at 8801 Corkscrew Road at a grand total cost of $106,890, approve a contingency fund amount of $10,689 (an amount equal to 10% of the total project cost) to cover unforeseen circumstances which may occur, and authorize the Village Manager to execute the contract documents on behalf of the Village of Estero Council with the instructions that the",Needs Geocode
78,585,113,14,Estero Parkway,"Estero Parkway, Estero, FL",known_location_missing_coordinates,"Estero Parkway, Estero, FL",Approved award Contract EC 2021-04 Amendment 5 to replace plant materials along Estero Parkway and authorize the Village Manager to sign the contract amendment and other additional implementing documents within the scope of the contract amendment on behalf of the Village of Estero Council,Needs Geocode
79,586,113,43,8801 Corkscrew Road,"8801 Corkscrew Road, Estero, FL",address_regex,"8801 Corkscrew Road, Estero, FL","Approved award Amendment 1 to Contract EC 2023-21 to mulch all debris and downed trees located at 8801 Corkscrew Road for $11,886.89 and authorize the Village Manager to sign the contract amendment and other additional implementing documents within the scope of the contract amendment on behalf of the Village of Estero Council",Needs Geocode
80,598,115,25,Koreshan State Park,"Koreshan State Park, Estero, FL",known_location_missing_coordinates,"Koreshan State Park, Estero, FL","adopted the concepts that Councilmember Errington was suggesting and encouraged the formation of the committee. Mayor Batos noted on the last page of her presentation that Councilmember Errington was asking Council to give approval for a public supported Estero Historic Preservation Advisory Committee and it appeared that she now wasn't asking for approval, but rather informing Council of her plans. Councilmember Errington responded that the wording was out of courtesy to the Council. Mayor Bato",Needs Geocode
81,599,115,3,Estero Fire Rescue,"21500 Three Oaks Parkway, Estero, FL 33928",known_location_missing_coordinates,"21500 Three Oaks Parkway, Estero, FL 33928","adopted prior to December 31, 2014; however, it is an exemption that the Village will get next year. Attorney Saunders added that it only applied to the very small millage that the Village of Estero would be levying. Discussion followed regarding the net effect on tax payers. Vice Mayor Levitan inquired whether a resolution would need to be adopted every year. Village Manager Peter Lombardi responded that the Village would need to adopt an ordinance because the County ordinance excludes the inco",Needs Geocode
82,599,115,16,Three Oaks Parkway,"Three Oaks Parkway, Estero, FL",known_location_missing_coordinates,"Three Oaks Parkway, Estero, FL","adopted prior to December 31, 2014; however, it is an exemption that the Village will get next year. Attorney Saunders added that it only applied to the very small millage that the Village of Estero would be levying. Discussion followed regarding the net effect on tax payers. Vice Mayor Levitan inquired whether a resolution would need to be adopted every year. Village Manager Peter Lombardi responded that the Village would need to adopt an ordinance because the County ordinance excludes the inco",Needs Geocode
83,599,115,30,The Brooks,"The Brooks, Estero, FL",known_location_missing_coordinates,"The Brooks, Estero, FL","adopted prior to December 31, 2014; however, it is an exemption that the Village will get next year. Attorney Saunders added that it only applied to the very small millage that the Village of Estero would be levying. Discussion followed regarding the net effect on tax payers. Vice Mayor Levitan inquired whether a resolution would need to be adopted every year. Village Manager Peter Lombardi responded that the Village would need to adopt an ordinance because the County ordinance excludes the inco",Needs Geocode
84,626,119,16,Three Oaks Parkway,"Three Oaks Parkway, Estero, FL",known_location_missing_coordinates,"Three Oaks Parkway, Estero, FL","Approved the Interlocal Agreement with The Brooks Community Development District (CDD) for improvements to the Three Oaks Parkway paths and authorize the Village Manager to execute the agreement and any related documents or amendments as may be necessary which do not increase cost above $380,000",Needs Geocode
85,626,119,30,The Brooks,"The Brooks, Estero, FL",known_location_missing_coordinates,"The Brooks, Estero, FL","Approved the Interlocal Agreement with The Brooks Community Development District (CDD) for improvements to the Three Oaks Parkway paths and authorize the Village Manager to execute the agreement and any related documents or amendments as may be necessary which do not increase cost above $380,000",Needs Geocode
86,638,120,12,Sandy Lane,"Sandy Lane, Estero, FL",known_location_missing_coordinates,"Sandy Lane, Estero, FL","Approved of RFB 2023-07, Sandy Lane Path Prefabricated Bridge to Contech Engineered Solutions, LLC to provide the bridge as provided in the contract, at a grand total cost of $239,500, approve a contingency fund amount of $23,950 (an amount equal to 10% of the total project cost) to cover unforeseen circumstances which may occur, and authorize the Village Manager to execute the contract documents on behalf of the Village of Estero Council",Needs Geocode
87,647,121,22,Estero River,"Estero River, Estero, FL",known_location_missing_coordinates,"Estero River, Estero, FL",Adopted Resolution No. 2016-17 with corrections to minor typos and inclusion of additional bullet points: Changing the name of the Koreshan State Park to Estero River/Koreshan Historic Site State Park; Exploring environmental research facilities and environmental restoration through the Florida Gulf Coast University Environmental Studies Group,Needs Geocode
88,647,121,25,Koreshan State Park,"Koreshan State Park, Estero, FL",known_location_missing_coordinates,"Koreshan State Park, Estero, FL",Adopted Resolution No. 2016-17 with corrections to minor typos and inclusion of additional bullet points: Changing the name of the Koreshan State Park to Estero River/Koreshan Historic Site State Park; Exploring environmental research facilities and environmental restoration through the Florida Gulf Coast University Environmental Studies Group,Needs Geocode
89,670,124,18,Coconut Road,"Coconut Road, Estero, FL",known_location_missing_coordinates,"Coconut Road, Estero, FL","Approved Supplemental Task Authorization (STA)-14 under CN 2020-01 Miscellaneous Professional Services to Johnson Engineering, Inc.to perform a suite of design services for the Coconut Road Improvements Study, authorize the Village Manager to sign the STA and other additional implementing documents within the scope of the STA on behalf of the Village of Estero Council, and adopt Resolution No. 2020-11 for Fiscal Year 2019-2020 budget amendment",Needs Geocode
90,673,124,22,Estero River,"Estero River, Estero, FL",known_location_missing_coordinates,"Estero River, Estero, FL","Approved to move to second public hearing on July 22, 2020 and remove the Estero River Preserve line item from 2020-21 CIP and instead moved to 2021-22 budget",Needs Geocode
91,707,132,14,Estero Parkway,"Estero Parkway, Estero, FL",known_location_missing_coordinates,"Estero Parkway, Estero, FL","Approved award Request for Bid No. RFB 2021-01, Mowing, Landscape, and Irrigation Maintenance for the Village of Estero to P & T Lawn and Tractor Service, Inc. to provide mowing, landscape, and irrigation maintenance services for US 41 Median Landscaping as provided in the contract for a one-year period, at a rate of $260,854.20 per year. Authorize the Village Manager to renegotiate and execute the renewal of this contract for three additional one-year terms under the same terms and conditions, ",Needs Geocode
92,707,132,17,US 41 / Tamiami Trail,"US 41, Estero, FL",known_location_missing_coordinates,"US 41, Estero, FL","Approved award Request for Bid No. RFB 2021-01, Mowing, Landscape, and Irrigation Maintenance for the Village of Estero to P & T Lawn and Tractor Service, Inc. to provide mowing, landscape, and irrigation maintenance services for US 41 Median Landscaping as provided in the contract for a one-year period, at a rate of $260,854.20 per year. Authorize the Village Manager to renegotiate and execute the renewal of this contract for three additional one-year terms under the same terms and conditions, ",Needs Geocode
93,711,133,14,Estero Parkway,"Estero Parkway, Estero, FL",known_location_missing_coordinates,"Estero Parkway, Estero, FL","adopted rules or policies that indicated the procedure; however, generally a governing body collective would suggest a resolution. Mayor Batos stated that he would try to put a discussion item on an agenda for a September meeting, however, he noted that Council would be discussing the next step in the CIP in October and he believed that all of the items Councilmember Boesch referred to would be part of the CIP discussion. He also believed that Council should not be taking any of the programs pie",Needs Geocode
94,726,135,13,Williams Road,"Williams Road, Estero, FL",known_location_missing_coordinates,"Williams Road, Estero, FL","Approved second reading and adopt Ordinance No. 2017-02 Approving Zoning and DRI Development Order Amendments for the Coconut Point Mixed Use Planned Development and Development of Regional Impact for Property Bounded by US 41 on the West, Williams Road on the North, Seminole Gulf Railroad Right-of-Way on the East and the Southern Boundary for the Village of Estero Limits, subject to all conditions and revisions, as stated in the ordinance. The conditions and deviations include, but are not limi",Needs Geocode
95,726,135,17,US 41 / Tamiami Trail,"US 41, Estero, FL",known_location_missing_coordinates,"US 41, Estero, FL","Approved second reading and adopt Ordinance No. 2017-02 Approving Zoning and DRI Development Order Amendments for the Coconut Point Mixed Use Planned Development and Development of Regional Impact for Property Bounded by US 41 on the West, Williams Road on the North, Seminole Gulf Railroad Right-of-Way on the East and the Southern Boundary for the Village of Estero Limits, subject to all conditions and revisions, as stated in the ordinance. The conditions and deviations include, but are not limi",Needs Geocode
96,726,135,23,Coconut Point,"Coconut Point, Estero, FL",known_location_missing_coordinates,"Coconut Point, Estero, FL","Approved second reading and adopt Ordinance No. 2017-02 Approving Zoning and DRI Development Order Amendments for the Coconut Point Mixed Use Planned Development and Development of Regional Impact for Property Bounded by US 41 on the West, Williams Road on the North, Seminole Gulf Railroad Right-of-Way on the East and the Southern Boundary for the Village of Estero Limits, subject to all conditions and revisions, as stated in the ordinance. The conditions and deviations include, but are not limi",Needs Geocode
97,741,137,11,Broadway Avenue West UEP,"Broadway Avenue West, Estero, FL",known_location_missing_coordinates,"Broadway Avenue West, Estero, FL","Adopted Resolution No. 2017-23 Authorizing the Waiving of Competitive Bidding Procedures and Authorizing the Village Manager to Execute a Contract for Emergency Replacement of the Culvert, Abutments, and Related Ditching for the Stonnwater Conveyance System under Broadway Avenue West, near US 41, with a Contractor Chosen by Village Staff; and Providing an Effective Date",Needs Geocode
98,741,137,17,US 41 / Tamiami Trail,"US 41, Estero, FL",known_location_missing_coordinates,"US 41, Estero, FL","Adopted Resolution No. 2017-23 Authorizing the Waiving of Competitive Bidding Procedures and Authorizing the Village Manager to Execute a Contract for Emergency Replacement of the Culvert, Abutments, and Related Ditching for the Stonnwater Conveyance System under Broadway Avenue West, near US 41, with a Contractor Chosen by Village Staff; and Providing an Effective Date",Needs Geocode
99,741,137,19,Broadway Avenue,"Broadway Avenue, Estero, FL",known_location_missing_coordinates,"Broadway Avenue, Estero, FL","Adopted Resolution No. 2017-23 Authorizing the Waiving of Competitive Bidding Procedures and Authorizing the Village Manager to Execute a Contract for Emergency Replacement of the Culvert, Abutments, and Related Ditching for the Stonnwater Conveyance System under Broadway Avenue West, near US 41, with a Contractor Chosen by Village Staff; and Providing an Effective Date",Needs Geocode
100,755,139,33,Genova,"Genova, Estero, FL",known_location_missing_coordinates,"Genova, Estero, FL",Adopted Resolution No. 2016-22 approving the vacation of an easement and right-of-way for the Genova project,Needs Geocode
101,766,141,14,Estero Parkway,"Estero Parkway, Estero, FL",known_location_missing_coordinates,"Estero Parkway, Estero, FL","Approved the Interlocal Agreement with Lee County for the continuation of the University Landscaping Operation and Maintenance Special Improvement Unit to provide an enhanced level oflandscaping along certain portions of Corkscrew Road, Estero Parkway and Ben Hill Griffin Parkway within the Village limits and to schedule first reading of the ordinance for September 7, 2016 and second reading and public hearing for September 21, 2016",Needs Geocode
102,766,141,15,Ben Hill Griffin Parkway,"Ben Hill Griffin Parkway, Estero, FL",known_location_missing_coordinates,"Ben Hill Griffin Parkway, Estero, FL","Approved the Interlocal Agreement with Lee County for the continuation of the University Landscaping Operation and Maintenance Special Improvement Unit to provide an enhanced level oflandscaping along certain portions of Corkscrew Road, Estero Parkway and Ben Hill Griffin Parkway within the Village limits and to schedule first reading of the ordinance for September 7, 2016 and second reading and public hearing for September 21, 2016",Needs Geocode
103,767,142,17,US 41 / Tamiami Trail,"US 41, Estero, FL",known_location_missing_coordinates,"US 41, Estero, FL","approved by the ECCL members present at the August 28, 2015 meeting related to including a list of civic, recreational and arts, and entertainment assets in the section of the Village Center south of Corkscrew Road and. expanded public, bike, and pedestrian access to the Estero River, improved integration of the Koreshan State Site and the Boomer/future State park property with the historic and river access properties in the Old Estero area north of the Estero River into an expanded Village Cent",Needs Geocode
104,767,142,22,Estero River,"Estero River, Estero, FL",known_location_missing_coordinates,"Estero River, Estero, FL","approved by the ECCL members present at the August 28, 2015 meeting related to including a list of civic, recreational and arts, and entertainment assets in the section of the Village Center south of Corkscrew Road and. expanded public, bike, and pedestrian access to the Estero River, improved integration of the Koreshan State Site and the Boomer/future State park property with the historic and river access properties in the Old Estero area north of the Estero River into an expanded Village Cent",Needs Geocode
105,767,142,25,Koreshan State Park,"Koreshan State Park, Estero, FL",known_location_missing_coordinates,"Koreshan State Park, Estero, FL","approved by the ECCL members present at the August 28, 2015 meeting related to including a list of civic, recreational and arts, and entertainment assets in the section of the Village Center south of Corkscrew Road and. expanded public, bike, and pedestrian access to the Estero River, improved integration of the Koreshan State Site and the Boomer/future State park property with the historic and river access properties in the Old Estero area north of the Estero River into an expanded Village Cent",Needs Geocode
106,767,142,30,The Brooks,"The Brooks, Estero, FL",known_location_missing_coordinates,"The Brooks, Estero, FL","approved by the ECCL members present at the August 28, 2015 meeting related to including a list of civic, recreational and arts, and entertainment assets in the section of the Village Center south of Corkscrew Road and. expanded public, bike, and pedestrian access to the Estero River, improved integration of the Koreshan State Site and the Boomer/future State park property with the historic and river access properties in the Old Estero area north of the Estero River into an expanded Village Cent",Needs Geocode
107,773,143,3,Estero Fire Rescue,"21500 Three Oaks Parkway, Estero, FL 33928",known_location_missing_coordinates,"21500 Three Oaks Parkway, Estero, FL 33928",Approved the Interlocal Agreement with Estero Fire Rescue for fire services,Needs Geocode
108,792,145,13,Williams Road,"Williams Road, Estero, FL",known_location_missing_coordinates,"Williams Road, Estero, FL","Approved award of Contract EC 2023-50 to Kisinger Campo & Associates (KCA) for Williams Road Widening Preliminary Engineering and Design services for $577,133, approve a $57,700 contingency for additional services that may be required to complete the project, and authorize the Village Manager to sign the contract and other additional implementing documents within the scope of the contract on behalf of the Village of Estero Council",Needs Geocode
109,793,145,17,US 41 / Tamiami Trail,"US 41, Estero, FL",known_location_missing_coordinates,"US 41, Estero, FL","Approved award Misc. Contractor Services contract EC 2019-66 STA 40 with P & T Lawn & Tractor Services for $254,934 to install new landscaping within US 41 Medians 6-12, approve a contingency fund amount of $25,500 (an amount equal to 10% of the total project cost) to cover unforeseen circumstances which may occur, and authorize the Village Manager to execute the contract documents on behalf of the Village of Estero Council",Needs Geocode
110,794,145,16,Three Oaks Parkway,"Three Oaks Parkway, Estero, FL",known_location_missing_coordinates,"Three Oaks Parkway, Estero, FL","Approved award EC 2019-66 Supplemental Task Authorization (STA)- 41 for the engagement of a Contractor to construct and install a monument sign on Three Oaks Parkway at a total cost of $74,449, approve a contingency fund amount of $7,500 (an amount equal to 10% of the total project cost) to cover unforeseen circumstances which may occur, and authorize the Village Manager to execute the STA on behalf of the Village of Estero Council",Needs Geocode
111,800,146,44,645 feet south of Salerno Bay Road,"645 feet south of Salerno Bay Road, Estero, FL",address_regex,"645 feet south of Salerno Bay Road, Estero, FL","Approved Supplemental Task Authorization (STA)-28 under RFQ 2019- 03 Miscellaneous Contractor Services to P & T Lawn and Tractor Service, Inc. for the engagement of a Contractor to construct and install a monument sign on Imperial Parkway (in the roadway median at the Village's southern limits approximately 645 feet south of Salerno Bay Road) at a total cost of $58,941.50, approve a contingency fund amount of $5,890 (an amount equal to 10% of the total project cost) to cover unforeseen circumsta",Needs Geocode
112,807,147,22,Estero River,"Estero River, Estero, FL",known_location_missing_coordinates,"Estero River, Estero, FL","Adopted Resolution No. 2020-16 with the addition of budgeting an additional $35,000 for extra marine patrol on the Estero River and $10,000 to upgrade the audio equipment Village Council Chambers",Needs Geocode
113,809,147,14,Estero Parkway,"Estero Parkway, Estero, FL",known_location_missing_coordinates,"Estero Parkway, Estero, FL",Approved Change Order one to Contract No. EC 2018-50-STA3 for CEI services for Estero Parkway Roadway and Landscape Improvement Project. Authorize the Village Manager to execute the amendment and any other ancillary documents on behalf of the Council,Needs Geocode
114,818,148,20,River Ranch Road,"River Ranch Road, Estero, FL",known_location_missing_coordinates,"River Ranch Road, Estero, FL","Approved executing the attached contract with CW3 Engineering to provide River Ranch Road Improvement Design and Permitting services for a not to exceed contract amount of $552,245.00, approve a contingency fund amount of $55,200 (an amount equal to 10% of the total project cost) to cover unforeseen circumstances which may occur, and Authorize the Village Manager to execute the with CW3 Engineering and any other related ancillary documents on behalf of the Village Council",Needs Geocode
115,819,148,20,River Ranch Road,"River Ranch Road, Estero, FL",known_location_missing_coordinates,"River Ranch Road, Estero, FL","Approved executing the attached contract with HighSpans to provide River Ranch Road Improvement project management services for a not to exceed contract amount of Village Council Minutes - Thursday, September 09, 2021 5 $52,548.00, approve a contingency fund amount of $5,300 (an amount equal to 10% of the total project cost) to cover unforeseen circumstances which may occur, and authorize the Village Manager to execute the contract with HighSpans and any other related ancillary documents on beha",Needs Geocode
116,820,148,13,Williams Road,"Williams Road, Estero, FL",known_location_missing_coordinates,"Williams Road, Estero, FL","Approved executing the attached contract with HighSpans to provide Williams Road Bike-Ped Improvements project management services for a not to exceed contract amount of $41,934.00, approve a contingency fund amount of $4,200 (an amount equal to 10% of the total project cost) to cover unforeseen circumstances which may occur, and authorize the Village Manager to execute the contract with HighSpans and any other related ancillary documents on behalf of the Village Council",Needs Geocode
117,863,155,14,Estero Parkway,"Estero Parkway, Estero, FL",known_location_missing_coordinates,"Estero Parkway, Estero, FL","(1) Concurred with the ranking of consultants for CN 2017-01 Estero Parkway Roadway/ Landscape Design & Estero Roadways Landscape Master Plan as follows: Number 1 - Agnoli, Barber & Brundage; Number 2 - Kimley-Hom; Number 3 -T.Y. Lin; Number 4-DRMP; (2) Authorized staff to negotiate a contract with the Number 1 ranked firm, Agnoli, Barber & Brundage to provide professional consulting services for the roadway/landscape design for improvements to Estero Parkway",Needs Geocode
118,894,158,16,Three Oaks Parkway,"Three Oaks Parkway, Estero, FL",known_location_missing_coordinates,"Three Oaks Parkway, Estero, FL","Approved a contract, via a piggybacking of the School District's bid, with Harvard Jolly Architecture in the amount of $98,000 to provide architectural and engineering services for additional athletic facilities at the proposed new School District of Lee County PreK-8 School on Three Oaks Parkway, approve a contingency fund amount of $9,800 (an amount equal to 10% of the total project cost) to cover unforeseen circumstances which may occur, and authorize the Village Manager to execute the contra",Needs Geocode
119,905,160,3,Estero Fire Rescue,"21500 Three Oaks Parkway, Estero, FL 33928",known_location_missing_coordinates,"21500 Three Oaks Parkway, Estero, FL 33928","approved as presented: October 7, 2015 VILLAGE COUNCIL WORKSHOP OF SEPTEMBER 23, 2015 The Village of Estero Council Workshop was held on this date at the Estero Fire Rescue District Meeting Room, 21500 Three Oaks Parkway, Estero, Florida. Present: Mayor Nick Batos - District 6, Vice-Mayor Howard Levitan - District 2, Councilmember Bill Ribble, District 1, Councilmember Donald Brown - District 3, Councilmember Katy Errington - District 4, Councilmember Jim Boesch - District 5, and Councilmember J",Needs Geocode
120,905,160,16,Three Oaks Parkway,"Three Oaks Parkway, Estero, FL",known_location_missing_coordinates,"Three Oaks Parkway, Estero, FL","approved as presented: October 7, 2015 VILLAGE COUNCIL WORKSHOP OF SEPTEMBER 23, 2015 The Village of Estero Council Workshop was held on this date at the Estero Fire Rescue District Meeting Room, 21500 Three Oaks Parkway, Estero, Florida. Present: Mayor Nick Batos - District 6, Vice-Mayor Howard Levitan - District 2, Councilmember Bill Ribble, District 1, Councilmember Donald Brown - District 3, Councilmember Katy Errington - District 4, Councilmember Jim Boesch - District 5, and Councilmember J",Needs Geocode
121,905,160,30,The Brooks,"The Brooks, Estero, FL",known_location_missing_coordinates,"The Brooks, Estero, FL","approved as presented: October 7, 2015 VILLAGE COUNCIL WORKSHOP OF SEPTEMBER 23, 2015 The Village of Estero Council Workshop was held on this date at the Estero Fire Rescue District Meeting Room, 21500 Three Oaks Parkway, Estero, Florida. Present: Mayor Nick Batos - District 6, Vice-Mayor Howard Levitan - District 2, Councilmember Bill Ribble, District 1, Councilmember Donald Brown - District 3, Councilmember Katy Errington - District 4, Councilmember Jim Boesch - District 5, and Councilmember J",Needs Geocode
122,905,160,37,21500 Three Oaks Parkway,"21500 Three Oaks Parkway, Estero, FL",address_regex,"21500 Three Oaks Parkway, Estero, FL","approved as presented: October 7, 2015 VILLAGE COUNCIL WORKSHOP OF SEPTEMBER 23, 2015 The Village of Estero Council Workshop was held on this date at the Estero Fire Rescue District Meeting Room, 21500 Three Oaks Parkway, Estero, Florida. Present: Mayor Nick Batos - District 6, Vice-Mayor Howard Levitan - District 2, Councilmember Bill Ribble, District 1, Councilmember Donald Brown - District 3, Councilmember Katy Errington - District 4, Councilmember Jim Boesch - District 5, and Councilmember J",Needs Geocode
123,924,164,19,Broadway Avenue,"Broadway Avenue, Estero, FL",known_location_missing_coordinates,"Broadway Avenue, Estero, FL","Approved the Florida DEP Standard Grant Agreement for the Estero Broadway Avenue East Phase 1 project (Agreement Number L0187), and to authorize the Village Manager or designee to execute all related documents",Needs Geocode
124,954,168,45,20275 Sherrill Ln,"20275 Sherrill Ln, Estero, FL",address_regex,"20275 Sherrill Ln, Estero, FL","Approved staff recommendation accepting the request of Troy Blasko, the new owner to release the Village's code enforcement lien against 20275 Sherrill Ln, Estero in exchange for the payment of $5000.00",Needs Geocode
125,955,168,22,Estero River,"Estero River, Estero, FL",known_location_missing_coordinates,"Estero River, Estero, FL","Approved Change Order No. 1 to Contract EC 2022-39 STA 02 with J.R. Evans Engineering, P.A. for the Estero River North Branch Drainage HMGP Assistance project and authorize the Village Manager to sign Change Order No. 1 to Contract EC 2022-39 STA 02 with J.R. Evans Engineering, P.A",Needs Geocode
126,972,173,13,Williams Road,"Williams Road, Estero, FL",known_location_missing_coordinates,"Williams Road, Estero, FL","Approved Village Staff and the Villages Lobbyists to request state funding for the following projects and funding amounts Sunny Goves Utility Extension Project - $800,000 Estero SportsPark Reuse Water Main Extension and Storage Tank - $800,000 Estero Parkway Reuse Water Main Extension - $800,000 Williams Road and Atlantic Gulf Drive Improvements - $800,000",Needs Geocode
127,972,173,14,Estero Parkway,"Estero Parkway, Estero, FL",known_location_missing_coordinates,"Estero Parkway, Estero, FL","Approved Village Staff and the Villages Lobbyists to request state funding for the following projects and funding amounts Sunny Goves Utility Extension Project - $800,000 Estero SportsPark Reuse Water Main Extension and Storage Tank - $800,000 Estero Parkway Reuse Water Main Extension - $800,000 Williams Road and Atlantic Gulf Drive Improvements - $800,000",Needs Geocode
128,989,176,43,8801 Corkscrew Road,"8801 Corkscrew Road, Estero, FL",address_regex,"8801 Corkscrew Road, Estero, FL","Approved award of Request for Bids No. RFB 2023-04, 8801 Corkscrew Road Structure Demolition to Southwest Builders Inc. to demolish the structure located at 8801 Corkscrew Road at a grand total cost of $106,890, approve a contingency fund amount of $10,689 (an amount equal to 10% of the total project cost) to cover unforeseen circumstances which may occur, and authorize the Village Manager to execute the contract documents on behalf of the Village of Estero Council",Needs Geocode
129,990,176,11,Broadway Avenue West UEP,"Broadway Avenue West, Estero, FL",known_location_missing_coordinates,"Broadway Avenue West, Estero, FL",Approved the Fiscal Year 2024-2025 Village of Estero legislative priorities to include. 1. Highlands Ave. Septic-to-Sewer 2. Sunny Groves UEP 3. Estero Bay Village UEP 4. Cypress Bend UEP 5. Broadway Ave. West Improvements 6. River Oaks Preserve,Needs Geocode
130,990,176,21,River Oaks Preserve,"River Oaks Preserve, Estero, FL",known_location_missing_coordinates,"River Oaks Preserve, Estero, FL",Approved the Fiscal Year 2024-2025 Village of Estero legislative priorities to include. 1. Highlands Ave. Septic-to-Sewer 2. Sunny Groves UEP 3. Estero Bay Village UEP 4. Cypress Bend UEP 5. Broadway Ave. West Improvements 6. River Oaks Preserve,Needs Geocode
131,1036,186,17,US 41 / Tamiami Trail,"US 41, Estero, FL",known_location_missing_coordinates,"US 41, Estero, FL","Approved EC 2019-66 Supplemental Task Authorization (STA) - 42 for the engagement of P&T Lawn and Tractor to construct and install a monument sign on US 41 at a total cost of $66,675, approve a contingency fund amount of $6,700 (an amount equal to 10% of the total project cost) to cover unforeseen circumstances which may occur, and authorize the Village Manager to execute the STA on behalf of the Village of Estero Council",Needs Geocode
132,1039,187,18,Coconut Road,"Coconut Road, Estero, FL",known_location_missing_coordinates,"Coconut Road, Estero, FL","Approved the agenda as amended: changing agenda item 5 from Public Hearings to the topic of Coconut Road, renumbering agenda items 8 through 12, moving Workshop Items after Village Manager's Report",Needs Geocode
133,1060,189,13,Williams Road,"Williams Road, Estero, FL",known_location_missing_coordinates,"Williams Road, Estero, FL","Approved the award of Request for Bids No. RFB 2021-03, Via Coconut Point & Williams Road Roundabout Landscaping & Irrigation for the Village of Estero to O'Donnell Landscapes, Inc. to provide landscaping and irrigation work at a cost of $120,181, approve a contingency fund amount of $12,000 (an amount equal to 10% of the total project cost) to cover unforeseen circumstances which may occur, authorize the Village Manager to execute the contract documents on behalf of the Village of Estero Counci",Needs Geocode
134,1060,189,23,Coconut Point,"Coconut Point, Estero, FL",known_location_missing_coordinates,"Coconut Point, Estero, FL","Approved the award of Request for Bids No. RFB 2021-03, Via Coconut Point & Williams Road Roundabout Landscaping & Irrigation for the Village of Estero to O'Donnell Landscapes, Inc. to provide landscaping and irrigation work at a cost of $120,181, approve a contingency fund amount of $12,000 (an amount equal to 10% of the total project cost) to cover unforeseen circumstances which may occur, authorize the Village Manager to execute the contract documents on behalf of the Village of Estero Counci",Needs Geocode
135,1072,191,13,Williams Road,"Williams Road, Estero, FL",known_location_missing_coordinates,"Williams Road, Estero, FL","Approved the purchase of 0.14 State Freshwater Herbaceous Mitigation Credits in the amount of $16,800 from the Big Cypress Mitigation Bank (the ""Bank"") for the Williams Rd./Atlantic Gulf Blvd. intersection improvement project and authorize the Village Manager to sign the Mitigation Credit Supply Agreement with the Big Cypress Mitigation Bank and other additional implementing documents on behalf of the Village of Estero Council",Needs Geocode
136,1079,192,16,Three Oaks Parkway,"Three Oaks Parkway, Estero, FL",known_location_missing_coordinates,"Three Oaks Parkway, Estero, FL","Approved the Interlocal Agreement with The Brooks Community Development District (CDD) for improvements to the Three Oaks Parkway paths and authorize the Village Manager to execute the agreement and any related documents or amendments as may be necessary which do not increase cost above $380,000",Needs Geocode
137,1079,192,30,The Brooks,"The Brooks, Estero, FL",known_location_missing_coordinates,"The Brooks, Estero, FL","Approved the Interlocal Agreement with The Brooks Community Development District (CDD) for improvements to the Three Oaks Parkway paths and authorize the Village Manager to execute the agreement and any related documents or amendments as may be necessary which do not increase cost above $380,000",Needs Geocode
138,1082,192,13,Williams Road,"Williams Road, Estero, FL",known_location_missing_coordinates,"Williams Road, Estero, FL","Approved EC 2024-06 STA -07 in the amount of $97,500 for Florida Acquisition & Appraisal Inc. to provide acquisition services for the Williams Road ditch, approve a $9,750 contingency for additional services that may be required to complete the project, and authorize the Village Manager to sign the contract and other additional implementing documents within the scope of the contract on behalf of the Village of Estero Council, and to approve and execute any subsequent amendments which do not requ",Needs Geocode
139,1089,194,3,Estero Fire Rescue,"21500 Three Oaks Parkway, Estero, FL 33928",known_location_missing_coordinates,"21500 Three Oaks Parkway, Estero, FL 33928","approved as presented: December 16, 2015 Village Council Special Meeting Minutes - November 13, 2015 Nicholas Batos Mayor Page 3 of3 VILLAGE COUNCIL WORKSHOP OF NOVEMER 13, 2015 The Village of Estero Council Workshop was held on this date at the Estero Fire Rescue District Meeting Room, 21500 Three Oaks Parkway, Estero, Florida. Present: Mayor Nick Batos - District 6, Vice-Mayor Howard Levitan - District 2, Councilmember Bill Ribble, District 1, Councilmember Donald Brown - District 3, Councilme",Needs Geocode
140,1089,194,16,Three Oaks Parkway,"Three Oaks Parkway, Estero, FL",known_location_missing_coordinates,"Three Oaks Parkway, Estero, FL","approved as presented: December 16, 2015 Village Council Special Meeting Minutes - November 13, 2015 Nicholas Batos Mayor Page 3 of3 VILLAGE COUNCIL WORKSHOP OF NOVEMER 13, 2015 The Village of Estero Council Workshop was held on this date at the Estero Fire Rescue District Meeting Room, 21500 Three Oaks Parkway, Estero, Florida. Present: Mayor Nick Batos - District 6, Vice-Mayor Howard Levitan - District 2, Councilmember Bill Ribble, District 1, Councilmember Donald Brown - District 3, Councilme",Needs Geocode
141,1089,194,37,21500 Three Oaks Parkway,"21500 Three Oaks Parkway, Estero, FL",address_regex,"21500 Three Oaks Parkway, Estero, FL","approved as presented: December 16, 2015 Village Council Special Meeting Minutes - November 13, 2015 Nicholas Batos Mayor Page 3 of3 VILLAGE COUNCIL WORKSHOP OF NOVEMER 13, 2015 The Village of Estero Council Workshop was held on this date at the Estero Fire Rescue District Meeting Room, 21500 Three Oaks Parkway, Estero, Florida. Present: Mayor Nick Batos - District 6, Vice-Mayor Howard Levitan - District 2, Councilmember Bill Ribble, District 1, Councilmember Donald Brown - District 3, Councilme",Needs Geocode
142,1100,196,12,Sandy Lane,"Sandy Lane, Estero, FL",known_location_missing_coordinates,"Sandy Lane, Estero, FL","Approved Change Order Number 2 in the amount of $159,754.77 for Atkins to provide additional services to complete the design and permit of the Sandy Lake Bike/Ped Improvements",Needs Geocode
143,1154,209,31,Shadow Wood,"Shadow Wood, Estero, FL",known_location_missing_coordinates,"Shadow Wood, Estero, FL","adopted by the Council; and WHEREAS, the Duncan Associates study findings and revised fee schedule relies on the use of a sophisticated methodology to determine the impacts of development in an effort to establish an appropriate level of impact fees based on most recent localized data; and"" Council discussion followed regarding the amendments, as well as the Planning and Zoning Board review of the ordinance. Councilmember Wilson moved approval of the first reading of Ordinance No. 2015-20 and th",Needs Geocode
144,1189,214,21,River Oaks Preserve,"River Oaks Preserve, Estero, FL",known_location_missing_coordinates,"River Oaks Preserve, Estero, FL","Approved award of Supplemental Task Authorization 02 to Contract EC 2022-35 to Kimley Horn to provide preliminary design services for the River Oaks Preserve for $97,900, approve a $10,000 contingency for additional services that may be required to complete the project, and authorize the Village Manager to sign the STA and other additional implementing documents within the scope of the STA on behalf of the Village of Estero Council",Needs Geocode
145,1203,216,13,Williams Road,"Williams Road, Estero, FL",known_location_missing_coordinates,"Williams Road, Estero, FL",Approved initiation of the rezoning process for Village-owned property on the north side of Williams Road,Needs Geocode
146,1204,216,13,Williams Road,"Williams Road, Estero, FL",known_location_missing_coordinates,"Williams Road, Estero, FL","Approved the contract with Vieste, LLC for the Williams Road Mixed- Use Development Project and authorize the Village Manager to execute the contract documents on behalf of the Village of Estero Council",Needs Geocode
147,1215,220,46,9201 and 9301 Corkscrew Road,"9201 and 9301 Corkscrew Road, Estero, FL",address_regex,"9201 and 9301 Corkscrew Road, Estero, FL","passed the ordinance and the Bill passed as written, the ordinance would be preempted; however, if the wording in the Bill was rewritten, the portion that would preempt the Village from controlling the zoning would be reinstated. He continued that he was not in favor of fracking; however, he wanted to be practical and put in laws that meant something. He stated that his responsibility was to represent the people; although he did not believe that the ordinance would accomplish anything, he would ",Needs Geocode
148,1240,228,13,Williams Road,"Williams Road, Estero, FL",known_location_missing_coordinates,"Williams Road, Estero, FL","Approve Supplemental Task Authorization (STA) -1 under CN 2018-02 Miscellaneous Professional Services to Stantec Consulting Services, Inc. to perform a suite of design and permitting services for the Corkscrew Road Traffic Signal Design Project. (c) Design and Permitting Services for Williams Road at Estero High School Turn Lane Improvements CN 2018-04 Recommended",Needs Geocode
149,1241,228,13,Williams Road,"Williams Road, Estero, FL",known_location_missing_coordinates,"Williams Road, Estero, FL","1) Approve the contract with Hole Montes, Inc. to provide professional engineering services to proceed with the design and permitting services work required for the Williams Road at Estero High School Turn Lane Improvements. 2) Authorize the Village Manager to execute the contract on behalf of the Council. Questions or Comments: None",Needs Geocode
150,1244,229,13,Williams Road,"Williams Road, Estero, FL",known_location_missing_coordinates,"Williams Road, Estero, FL","Motion to approve Supplemental Task Authorization (STA)-1 under CN 2018-02 Miscellaneous Professional Services to AIM Engineering & Surveying, Inc. to perform a suite of design services for the Williams Road & Atlantic Gulf Boulevard Intersection Improvements Project. Financial Impact: The Village of Estero will pay up to $79,275.08 for the proposed services. (c) Trailside Drive and Poinciana Avenue Resurfacing Recommended",Needs Geocode
151,1249,229,17,US 41 / Tamiami Trail,"US 41, Estero, FL",known_location_missing_coordinates,"US 41, Estero, FL","Move to approve Amendment One to Contract EC 2018-06 with Kimley-Horn and Associates, Inc. to add Task 6 - Additional FDOT Coordination/Design Variation Submittal for the US 41 Landscape Design project. Financial Impact: Task 6 will be performed for the additional lump sum fee of $9,500. Questions or Comments: None",Needs Geocode
152,1250,229,17,US 41 / Tamiami Trail,"US 41, Estero, FL",known_location_missing_coordinates,"US 41, Estero, FL","Move to approve Amendment One to Contract EC 2018-06 with Kimley-Horn and Associates, Inc. to add Task 6 - Additional FDOT Coordination/Design Variation Submittal for the US 41 Landscape Design project",Needs Geocode
153,1275,233,22,Estero River,"Estero River, Estero, FL",known_location_missing_coordinates,"Estero River, Estero, FL","(1) Approved consultants ranking for Estero River Sedimentation Analysis as follows: Number | - Coastal Engineering Consultants, Inc.; Number 2 - Taylor Engineering, Inc.; Number 3 - TKW Consulting Engineers, Inc.; and Number 4- GHD Inc. (2) Authorized staff to negotiate a contract with the Number | ranked firm, Coastal Engineering Consultants, Inc. to provide professional services to perform a sedimentation analysis of the Estero River",Needs Geocode
154,1290,236,17,US 41 / Tamiami Trail,"US 41, Estero, FL",known_location_missing_coordinates,"US 41, Estero, FL",Adopted Resolution No. 2019-05 approving the Joint Participation Agreement (JPA) for the US 41 Landscape Improvements Project,Needs Geocode
155,1295,237,14,Estero Parkway,"Estero Parkway, Estero, FL",known_location_missing_coordinates,"Estero Parkway, Estero, FL","Approved Supplemental Task Authorization (STA)-3 under CN 2018-02 Miscellaneous Professional Services to Kisinger Campo & Associates, Corp. to perform a suite of construction, engineering and inspection (CEI) services for the Estero Parkway Roadway Improvements Project",Needs Geocode
156,1296,237,17,US 41 / Tamiami Trail,"US 41, Estero, FL",known_location_missing_coordinates,"US 41, Estero, FL","(1) Adopted Resolution No. 2019-07 Approving the First Budget Amendment for Fiscal Year 201 8-2019; and Providing an Effective Date. (2) Approved award of Request for Bids No. RFB 2019-05, US 41 Landscape Improvements to Superior Landscaping & Lawn Service, Inc. at a Grand Total Cost of $956,594.87. (3) Authorized the Village Manager to execute the contract and any other related ancillary documents on behalf of the Village of Estero Council",Needs Geocode
157,1302,238,18,Coconut Road,"Coconut Road, Estero, FL",known_location_missing_coordinates,"Coconut Road, Estero, FL","1) Approved the contract with Kisinger Campo & Associates, Corp.to provide professional engineering services to proceed with the design and permitting services work required for the Coconut Road Crosswalks and Drainage Improvements. 2) Authorized the Village Manager to execute the contract on behalf of the Village ofEstero Council",Needs Geocode
158,1310,239,22,Estero River,"Estero River, Estero, FL",known_location_missing_coordinates,"Estero River, Estero, FL","1) Approved the contract with Coastal Engineering Consultants, Inc. for the performance of a sedimentation analysis of the Estero River. 2) Authorized the Village Manager to execute an agreement on behalf of the Village of Estero Council",Needs Geocode
159,1320,240,16,Three Oaks Parkway,"Three Oaks Parkway, Estero, FL",known_location_missing_coordinates,"Three Oaks Parkway, Estero, FL",Continued first reading of Ordinance No. 2019-27 and referred it to the Design Review Board to review the concems/issues that Councilmembers raised related to: the lack of details in the Pattern Book; landscaping buffer (berm) details on the north side of the property; additional detail on landscaping along Corkscrew Road and Three Oaks Parkway; the failing condition of the roadway in front of the property; utilities shielding; information related to the opening date of the business and how it c,Needs Geocode
160,1331,241,14,Estero Parkway,"Estero Parkway, Estero, FL",known_location_missing_coordinates,"Estero Parkway, Estero, FL","Approved Option 2: Approved award of Request for Bids No. RFB 2019-06; Estero Parkway Roadway and Landscape Improvements to Cougar Contracting LLC at a Grand Total Cost of $7,262,000. Excluding the bid alternate for roadway lighting. Approved a contingency fund amount of $727,000 (an amount equal to 10% of the total project cost) to cover unforeseen circumstances which may occur. The budget for Estero Parkway is $9,300,000 which would fully fund the total project costs of $8,973,000. Authorized ",Needs Geocode
161,1362,246,14,Estero Parkway,"Estero Parkway, Estero, FL",known_location_missing_coordinates,"Estero Parkway, Estero, FL","(1) Approved the value engineering changes to the plans and addition of street lights to the project for a total project cost of $7,948,400 plus a $794,840 contingency for a total constmction cost of $8,743,240. Approximately $985,000 has been contracted for design and construction engineering inspections services. The budget for Estero Parkway is $9,300,000 and would need to increase by $428,240 to fully fund the total project cost of $9,728,240. (2) Authorized the Village Manager to execute Ch",Needs Geocode
162,1368,247,23,Coconut Point,"Coconut Point, Estero, FL",known_location_missing_coordinates,"Coconut Point, Estero, FL","1) Approved consultants ranking for Via Coconut Point Landscape Improvements as follows: 1. Kimley-Hom and Associates, Inc.; 2. J.R. Evans Engineering, Inc.; 3. Q. Grady Minor & Associates, Inc.; 4. Agnoli Barber & Bmndage, Inc. 2) Authorized the Village Manager to execute the attached contract on behalf of the Village Council",Needs Geocode
163,1369,247,20,River Ranch Road,"River Ranch Road, Estero, FL",known_location_missing_coordinates,"River Ranch Road, Estero, FL","1) Approved consultants ranking for River Ranch Road Improvements as follows: 1. CW3 Engineering, Inc.; 2. Barraco and Associates, Inc. 3. Hole Montes, Inc. 2) Authorized staff to negotiate a contract with the Number 1 ranked firm, CW3 Engineering, Inc. to provide professional consulting services for the River Ranch Road Improvements project",Needs Geocode
164,1371,247,18,Coconut Road,"Coconut Road, Estero, FL",known_location_missing_coordinates,"Coconut Road, Estero, FL","Passed first reading of Ordinance No. 2019-30 for voluntary annexation of 10 acre property at 4528, 4406 and 4410 Coconut Road and set second reading/hearing for January 8, 2020",Needs Geocode
165,1371,247,47,4406 and 4410 Coconut Road,"4406 and 4410 Coconut Road, Estero, FL",address_regex,"4406 and 4410 Coconut Road, Estero, FL","Passed first reading of Ordinance No. 2019-30 for voluntary annexation of 10 acre property at 4528, 4406 and 4410 Coconut Road and set second reading/hearing for January 8, 2020",Needs Geocode
166,1375,249,18,Coconut Road,"Coconut Road, Estero, FL",known_location_missing_coordinates,"Coconut Road, Estero, FL","Approved the agenda as revised: Continue until January 22, 2020, 9:30 a.m., Agenda Item 9 (a) Ordinance No. 2019-30 Annexing Property Located at 4528, 4406 and 4410 Coconut Road, Lee County, Florida. Village Council Meeting Notes - January 8, 2020 Page 1 of6",Needs Geocode
167,1375,249,47,4406 and 4410 Coconut Road,"4406 and 4410 Coconut Road, Estero, FL",address_regex,"4406 and 4410 Coconut Road, Estero, FL","Approved the agenda as revised: Continue until January 22, 2020, 9:30 a.m., Agenda Item 9 (a) Ordinance No. 2019-30 Annexing Property Located at 4528, 4406 and 4410 Coconut Road, Lee County, Florida. Village Council Meeting Notes - January 8, 2020 Page 1 of6",Needs Geocode
168,1377,249,20,River Ranch Road,"River Ranch Road, Estero, FL",known_location_missing_coordinates,"River Ranch Road, Estero, FL","(1) Approved the contract with CW3 Engineering, Inc. to provide professional engineering services to proceed with the planning, design and permitting services work required for the River Ranch Road Improvements. (2) Authorized the Village Manager to execute the contract on behalf ofthe Council",Needs Geocode
169,1380,249,17,US 41 / Tamiami Trail,"US 41, Estero, FL",known_location_missing_coordinates,"US 41, Estero, FL","Approved the settlement agreement between CHHCLA Investments, LLC and the Village of Estero pertaining to property at 20170 South Tamiami Trail, at the intersection ofUS 41 and Trailside Drive. Village Council Meeting Notes - January 8, 2020 Page 4 of6",Needs Geocode
170,1388,252,14,Estero Parkway,"Estero Parkway, Estero, FL",known_location_missing_coordinates,"Estero Parkway, Estero, FL","Approved the agenda as revised, pulling Agenda Item 6 (b) CN-2018-02 Miscellaneous Professional Services (Construction Engineering and Inspection Services for Estero Parkway Roadway and Landscape Improvements)",Needs Geocode
171,1409,256,13,Williams Road,"Williams Road, Estero, FL",known_location_missing_coordinates,"Williams Road, Estero, FL","APPROVED BY THE COUNCIL MAY 27, 2020 COVID-19 NOTICE: Pursuant to Executive Order No. 20-69, issued by the Office of Governor Ron DeSantis on March 20, 2020, municipalities may conduct meetings of their governing boards without having a quorum ofits members present physically or at any specific location, and utilizing communications media technology such as telephonic or video conferencing, as provided by Section 120.54(5)(b )2, Florida Statutes. The Village ofEstero held this virtual public mee",Needs Geocode
172,1409,256,16,Three Oaks Parkway,"Three Oaks Parkway, Estero, FL",known_location_missing_coordinates,"Three Oaks Parkway, Estero, FL","APPROVED BY THE COUNCIL MAY 27, 2020 COVID-19 NOTICE: Pursuant to Executive Order No. 20-69, issued by the Office of Governor Ron DeSantis on March 20, 2020, municipalities may conduct meetings of their governing boards without having a quorum ofits members present physically or at any specific location, and utilizing communications media technology such as telephonic or video conferencing, as provided by Section 120.54(5)(b )2, Florida Statutes. The Village ofEstero held this virtual public mee",Needs Geocode
173,1409,256,39,9401 Corkscrew Palms Circle,"9401 Corkscrew Palms Circle, Estero, FL",address_regex,"9401 Corkscrew Palms Circle, Estero, FL","APPROVED BY THE COUNCIL MAY 27, 2020 COVID-19 NOTICE: Pursuant to Executive Order No. 20-69, issued by the Office of Governor Ron DeSantis on March 20, 2020, municipalities may conduct meetings of their governing boards without having a quorum ofits members present physically or at any specific location, and utilizing communications media technology such as telephonic or video conferencing, as provided by Section 120.54(5)(b )2, Florida Statutes. The Village ofEstero held this virtual public mee",Needs Geocode
174,1411,257,22,Estero River,"Estero River, Estero, FL",known_location_missing_coordinates,"Estero River, Estero, FL","Adopted Resolution No. 2020-04 and authorized the Village Mayor to execute the agreement on behalf ofthe Village ofEstero Council. (d) Resolution No. 2020-05 A Resolution ofthe Village Council of the Village of Estero, Florida, Approving the Sovereignty Submerged Lands Lease Modification to Reflect Change in Ownership for a Parcel of Sovereignty Submerged Land in Section 33 Township 46 South, Range 25 East, in the Estero River between the Village ofEstero and Board of Trustees of the Internal Im",Needs Geocode
175,1412,257,18,Coconut Road,"Coconut Road, Estero, FL",known_location_missing_coordinates,"Coconut Road, Estero, FL",Adopted Resolution No. 2020-05 and authorized the Village Mayor to execute the agreement on behalf of the Village of Estero Council. (e) FPL Right-of-Way Consent Agreement - Coconut Road,Needs Geocode
176,1420,257,13,Williams Road,"Williams Road, Estero, FL",known_location_missing_coordinates,"Williams Road, Estero, FL","1) Approved award of Request for Bids No. RFB 2020-03 Williams Road at Estero High School Turn Lane Improvements (Via a Piggyback of Lee County Bl80007ANB) to Pavement Maintenance, LLC at a Grand Total Cost of $448,800. 2) Approved a contingency fund amount of $44,800 (an amount equal to 10% of the total project cost) to cover unforeseen circumstances which may occur. 3) Authorized the Village Manager to execute the contract and any other related ancillary documents on behalf of the Village of E",Needs Geocode
177,1433,259,17,US 41 / Tamiami Trail,"US 41, Estero, FL",known_location_missing_coordinates,"US 41, Estero, FL","Approved miscellaneous Contractor Services contract EC 2019- 66 STA 36 with P&T Lawn & Tractor Services to install landscaping within US 41 Medians 1-5, including a 10% contingency",Needs Geocode
178,1434,259,13,Williams Road,"Williams Road, Estero, FL",known_location_missing_coordinates,"Williams Road, Estero, FL",Approved Recreational Proposals for the Village- owned Williams Road Property,Needs Geocode
179,1449,271,14,Estero Parkway,"Estero Parkway, Estero, FL",known_location_missing_coordinates,"Estero Parkway, Estero, FL","Approved the award of Supplemental Task authorization 04 to Contract EC 2023-38 to Johnson Engineering, Inc. for the Phase 1 Estero Parkway Reuse Main Design, Permit and Grant Funding Assistance at a cost of $89,858.00, approve a $9,000 contingency (10%) for additional services that may be required to complete the project, and authorize the Village Manager to sign the STA and other additional implementing documents within the scope of the STA on behalf of the Village of Estero Council",Needs Geocode
180,1450,271,13,Williams Road,"Williams Road, Estero, FL",known_location_missing_coordinates,"Williams Road, Estero, FL","Approved the consultants ranking for Williams Road Widening Preliminary Design and Engineering Project as follows: Number 1 - Kisinger Campo & Associates; Number 2 - Q. Grady Minor & Associates; Number 3 - Kimley-Horn and Associates, authorize staff to negotiate a contract with the Number 1 ranked firm, Kisinger Campo & Associates, to provide professional consulting services for the Williams Road Widening Preliminary Design and Engineering Project",Needs Geocode
181,1467,274,43,8801 Corkscrew Road,"8801 Corkscrew Road, Estero, FL",address_regex,"8801 Corkscrew Road, Estero, FL","Approved award of Request for Bids No. RFB 2023-04, 8801 Corkscrew Road Structure Demolition to Southwest Builders Inc. to demolish the structure located at 8801 Corkscrew Road at a grand total cost of $106,890, approve a contingency fund amount of $10,689 (an amount equal to 10% of the total project cost) to cover unforeseen circumstances which may occur, and authorize the Village Manager to execute the contract documents on behalf of the Village of Estero Council with the instructions that the",Needs Geocode
182,1468,274,14,Estero Parkway,"Estero Parkway, Estero, FL",known_location_missing_coordinates,"Estero Parkway, Estero, FL",Approved award Contract EC 2021-04 Amendment 5 to replace plant materials along Estero Parkway and authorize the Village Manager to sign the contract amendment and other additional implementing documents within the scope of the contract amendment on behalf of the Village of Est,Needs Geocode
183,1476,275,12,Sandy Lane,"Sandy Lane, Estero, FL",known_location_missing_coordinates,"Sandy Lane, Estero, FL","Approved of RFB 2023-07, Sandy Lane Path Prefabricated Bridge to Contech Engineered Solutions, LLC to provide the bridge as provided in the contract, at a grand total cost of $239,500, approve a contingency fund amount of $23,950 (an amount equal to 10% of the total project cost) to cover unforeseen circumstances which may occur, and authorize the Village Manager to execute the contract documents on behalf of the Village of Estero Council",Needs Geocode
